TrueCount,H17-2deck-30pen,H17-2deck-35pen,H17-2deck-40pen,H17-2deck-45pen,H17-2deck-50pen,H17-2deck-55pen,H17-2deck-60pen,H17-2deck-65pen,H17-2deck-70pen,H17-2deck-75pen,H17-2deck-80pen,H17-6deck-30pen,H17-6deck-35pen,H17-6deck-40pen,H17-6deck-45pen,H17-6deck-50pen,H17-6deck-55pen,H17-6deck-60pen,H17-6deck-65pen,H17-6deck-70pen,H17-6deck-75pen,H17-6deck-80pen,H17-8deck-30pen,H17-8deck-35pen,H17-8deck-40pen,H17-8deck-45pen,H17-8deck-50pen,H17-8deck-55pen,H17-8deck-60pen,H17-8deck-65pen,H17-8deck-70pen,H17-8deck-75pen,H17-8deck-80pen,S17-2deck-30pen,S17-2deck-35pen,S17-2deck-40pen,S17-2deck-45pen,S17-2deck-50pen,S17-2deck-55pen,S17-2deck-60pen,S17-2deck-65pen,S17-2deck-70pen,S17-2deck-75pen,S17-2deck-80pen-EqualBet,S17-6deck-30pen,S17-6deck-35pen,S17-6deck-40pen,S17-6deck-45pen,S17-6deck-50pen,S17-6deck-55pen,S17-6deck-60pen,S17-6deck-65pen,S17-6deck-70pen,S17-6deck-75pen,S17-6deck-80pen,S17-8deck-30pen,S17-8deck-35pen,S17-8deck-40pen,S17-8deck-45pen,S17-8deck-50pen,S17-8deck-55pen,S17-8deck-60pen,S17-8deck-65pen,S17-8deck-70pen,S17-8deck-75pen,S17-8deck-80pen
-47.5,0,0,0,0,0,0,0,0,0,0,1,0,0,0,0,0,0,0,0,0,0,0,0,0,0,0,0,0,0,0,0,0,0,0,0,0,0,0,0,0,0,0,0,0,0,0,0,0,0,0,0,0,0,0,0,0,0,0,0,0,0,0,0,0,0,0
-46.0,0,0,0,0,0,0,0,0,0,0,1,0,0,0,0,0,0,0,0,0,0,0,0,0,0,0,0,0,0,0,0,0,0,0,0,0,0,0,0,0,0,0,0,0,0,0,0,0,0,0,0,0,0,0,0,0,0,0,0,0,0,0,0,0,0,0
-45.5,0,0,0,0,0,0,0,0,0,0,0,0,0,0,0,0,0,0,0,0,0,0,0,0,0,0,0,0,0,0,0,0,0,0,0,0,0,0,0,0,0,0,0,1,0,0,0,0,0,0,0,0,0,0,0,0,0,0,0,0,0,0,0,0,0,0
-45.0,0,0,0,0,0,0,0,0,0,0,1,0,0,0,0,0,0,0,0,0,0,0,0,0,0,0,0,0,0,0,0,0,0,0,0,0,0,0,0,0,0,0,0,3,0,0,0,0,0,0,0,0,0,0,0,0,0,0,0,0,0,0,0,0,0,0
-44.5,0,0,0,0,0,0,0,0,0,0,6,0,0,0,0,0,0,0,0,0,0,0,0,0,0,0,0,0,0,0,0,0,0,0,0,0,0,0,0,0,0,0,0,1,0,0,0,0,0,0,0,0,0,0,0,0,0,0,0,0,0,0,0,0,0,0
-43.0,0,0,0,0,0,0,0,0,0,0,2,0,0,0,0,0,0,0,0,0,0,0,0,0,0,0,0,0,0,0,0,0,0,0,0,0,0,0,0,0,0,0,0,1,0,0,0,0,0,0,0,0,0,0,0,0,0,0,0,0,0,0,0,0,0,0
-42.5,0,0,0,0,0,0,0,0,0,0,4,0,0,0,0,0,0,0,0,0,0,0,0,0,0,0,0,0,0,0,0,0,0,0,0,0,0,0,0,0,0,0,0,5,0,0,0,0,0,0,0,0,0,0,0,0,0,0,0,0,0,0,0,0,0,0
-42.0,0,0,0,0,0,0,0,0,0,0,7,0,0,0,0,0,0,0,0,0,0,0,0,0,0,0,0,0,0,0,0,0,0,0,0,0,0,0,0,0,0,0,0,22,0,0,0,0,0,0,0,0,0,0,0,0,0,0,0,0,0,0,0,0,0,0
-41.0,0,0,0,0,0,0,0,0,0,0,4,0,0,0,0,0,0,0,0,0,0,0,0,0,0,0,0,0,0,0,0,0,0,0,0,0,0,0,0,0,0,0,0,2,0,0,0,0,0,0,0,0,0,0,0,0,0,0,0,0,0,0,0,0,0,0
-40.5,0,0,0,0,0,0,0,0,0,1,5,0,0,0,0,0,0,0,0,0,0,0,0,0,0,0,0,0,0,0,0,0,0,0,0,0,0,0,0,0,0,0,0,1,0,0,0,0,0,0,0,0,0,0,0,0,0,0,0,0,0,0,0,0,0,0
-40.0,0,0,0,0,0,0,0,0,0,0,28,0,0,0,0,0,0,0,0,0,0,0,0,0,0,0,0,0,0,0,0,0,0,0,0,0,0,0,0,0,0,0,0,31,0,0,0,0,0,0,0,0,0,0,0,0,0,0,0,0,0,0,0,0,0,0
-39.5,0,0,0,0,0,0,0,0,0,0,61,0,0,0,0,0,0,0,0,0,0,0,0,0,0,0,0,0,0,0,0,0,0,0,0,0,0,0,0,0,0,0,0,82,0,0,0,0,0,0,0,0,0,0,0,0,0,0,0,0,0,0,0,0,0,0
-39.0,0,0,0,0,0,0,0,0,0,0,19,0,0,0,0,0,0,0,0,0,0,0,0,0,0,0,0,0,0,0,0,0,0,0,0,0,0,0,0,0,0,0,1,15,0,0,0,0,0,0,0,0,0,0,0,0,0,0,0,0,0,0,0,0,0,0
-38.5,0,0,0,0,0,0,0,0,0,1,38,0,0,0,0,0,0,0,0,0,0,0,0,0,0,0,0,0,0,0,0,0,0,0,0,0,0,0,0,0,0,0,0,48,0,0,0,0,0,0,0,0,0,0,0,0,0,0,0,0,0,0,0,0,0,0
-38.0,0,0,0,0,0,0,0,0,0,0,124,0,0,0,0,0,0,0,0,0,0,0,0,0,0,0,0,0,0,0,0,0,0,0,0,0,0,0,0,0,0,0,1,127,0,0,0,0,0,0,0,0,0,0,0,0,0,0,0,0,0,0,0,0,0,0
-37.5,0,0,0,0,0,0,0,0,0,1,30,0,0,0,0,0,0,0,0,0,0,0,0,0,0,0,0,0,0,0,0,0,0,0,0,0,0,0,0,0,0,0,0,36,0,0,0,0,0,0,0,0,0,0,0,0,0,0,0,0,0,0,0,0,0,0
-37.0,0,0,0,0,0,0,0,0,0,7,366,0,0,0,0,0,0,0,0,0,0,0,0,0,0,0,0,0,0,0,0,0,0,0,0,0,0,0,0,0,0,0,2,404,0,0,0,0,0,0,0,0,0,0,0,0,0,0,0,0,0,0,0,0,0,0
-36.5,0,0,0,0,0,0,0,0,0,13,12,0,0,0,0,0,0,0,0,0,0,0,0,0,0,0,0,0,0,0,0,0,0,0,0,0,0,0,0,0,0,0,11,15,0,0,0,0,0,0,0,0,0,0,0,0,0,0,0,0,0,0,0,0,0,0
-36.0,0,0,0,0,0,0,0,0,0,5,241,0,0,0,0,0,0,0,0,0,0,0,0,0,0,0,0,0,0,0,0,0,0,0,0,0,0,0,0,0,0,1,8,231,0,0,0,0,0,0,0,0,0,0,0,0,0,0,0,0,0,0,0,0,0,0
-35.5,0,0,0,0,0,0,0,0,0,17,555,0,0,0,0,0,0,0,0,0,0,0,0,0,0,0,0,0,0,0,0,0,0,0,0,0,0,0,0,0,0,0,22,581,0,0,0,0,0,0,0,0,0,0,0,0,0,0,0,0,0,0,0,0,0,0
-35.0,0,0,0,0,0,0,0,0,0,4,5,0,0,0,0,0,0,0,0,0,0,0,0,0,0,0,0,0,0,0,0,0,0,0,0,0,0,0,0,0,1,0,2,3,0,0,0,0,0,0,0,0,0,0,0,0,0,0,0,0,0,0,0,0,0,0
-34.5,0,0,0,0,0,0,0,0,0,57,1514,0,0,0,0,0,0,0,0,0,0,0,0,0,0,0,0,0,0,0,0,0,0,0,0,0,0,0,0,0,0,1,52,1461,0,0,0,0,0,0,0,0,0,0,0,0,0,0,0,0,0,0,0,0,0,0
-34.0,0,0,0,0,0,0,0,0,2,27,856,0,0,0,0,0,0,0,0,0,0,0,0,0,0,0,0,0,0,0,0,0,0,0,0,0,0,0,0,0,0,3,26,814,0,0,0,0,0,0,0,0,0,0,0,0,0,0,0,0,0,0,0,0,0,0
-33.5,0,0,0,0,0,0,0,0,0,69,409,0,0,0,0,0,0,0,0,0,0,0,0,0,0,0,0,0,0,0,0,0,0,0,0,0,0,0,0,0,0,1,75,406,0,0,0,0,0,0,0,0,0,0,0,0,0,0,0,0,0,0,0,0,0,0
-33.0,0,0,0,0,0,0,0,0,4,32,1641,0,0,0,0,0,0,0,0,0,0,0,0,0,0,0,0,0,0,0,0,0,0,0,0,0,0,0,0,0,0,6,32,1634,0,0,0,0,0,0,0,0,0,0,0,0,0,0,0,0,0,0,0,0,0,0
-32.5,0,0,0,0,0,0,0,0,18,286,1093,0,0,0,0,0,0,0,0,0,0,0,0,0,0,0,0,0,0,0,0,0,0,0,0,0,0,0,0,0,0,18,276,1133,0,0,0,0,0,0,0,0,0,0,0,0,0,0,0,0,0,0,0,0,0,0
-32.0,0,0,0,0,0,0,0,0,8,39,4422,0,0,0,0,0,0,0,0,0,0,0,0,0,0,0,0,0,0,0,0,0,0,0,0,0,0,0,0,0,0,5,47,4437,0,0,0,0,0,0,0,0,0,0,0,0,0,0,0,0,0,0,0,0,0,0
-31.5,0,0,0,0,0,0,0,1,17,234,2301,0,0,0,0,0,0,0,0,0,0,0,0,0,0,0,0,0,0,0,0,0,0,0,0,0,0,0,0,0,0,22,271,2321,0,0,0,0,0,0,0,0,0,0,0,0,0,0,0,0,0,0,0,0,0,0
-31.0,0,0,0,0,0,0,0,4,47,737,1786,0,0,0,0,0,0,0,0,0,0,0,0,0,0,0,0,0,0,0,0,0,0,0,0,0,0,0,0,0,0,40,718,1864,0,0,0,0,0,0,0,0,0,0,0,0,0,0,0,0,0,0,0,0,0,0
-30.5,0,0,0,0,0,0,0,3,32,312,7957,0,0,0,0,0,0,0,0,0,0,0,0,0,0,0,0,0,0,0,0,0,0,0,0,0,0,0,0,0,1,37,300,7945,0,0,0,0,0,0,0,0,0,0,0,0,0,0,0,0,0,0,0,0,0,0
-30.0,0,0,0,0,0,0,0,6,59,186,1572,0,0,0,0,0,0,0,0,0,0,0,0,0,0,0,0,0,0,0,0,0,0,0,0,0,0,0,0,1,4,78,207,1567,0,0,0,0,0,0,0,0,0,0,0,0,0,0,0,0,0,0,0,0,0,0
-29.5,0,0,0,0,0,0,2,17,43,1122,18333,0,0,0,0,0,0,0,0,0,0,0,0,0,0,0,0,0,0,0,0,0,0,0,0,0,0,0,0,1,20,33,1022,18644,0,0,0,0,0,0,0,0,0,0,0,0,0,0,0,0,0,0,0,0,0,0
-29.0,0,0,0,0,0,0,0,1,274,1944,5201,0,0,0,0,0,0,0,0,0,0,0,0,0,0,0,0,0,0,0,0,0,0,0,0,0,0,0,0,0,1,257,1960,5210,0,0,0,0,0,0,0,0,0,0,0,0,0,0,0,0,0,0,0,0,0,0
-28.5,0,0,0,0,0,0,1,17,200,1388,15029,0,0,0,0,0,0,0,0,0,0,0,0,0,0,0,0,0,0,0,0,0,0,0,0,0,0,0,0,3,13,227,1527,15120,0,0,0,0,0,0,0,0,0,0,0,0,0,0,0,0,0,0,0,0,0,0
-28.0,0,0,0,0,0,0,2,62,124,2152,13405,0,0,0,0,0,0,0,0,0,0,0,0,0,0,0,0,0,0,0,0,0,0,0,0,0,0,0,0,2,68,149,2223,13821,0,0,0,0,0,0,0,0,0,0,1,0,0,0,0,0,0,0,0,0,0,0
-27.5,0,0,0,0,0,2,2,52,934,1845,1925,0,0,0,0,0,0,0,0,0,0,0,0,0,0,0,0,0,0,0,0,0,0,0,0,0,0,0,0,2,48,870,1924,2010,0,0,0,0,0,0,0,0,0,0,1,0,0,0,0,0,0,0,0,0,0,0
-27.0,0,0,0,0,0,1,8,11,597,8899,63011,0,0,0,0,0,0,0,0,0,0,2,0,0,0,0,0,0,0,0,0,0,0,0,0,0,0,0,0,8,10,577,9038,63409,0,0,0,0,0,0,0,0,0,0,6,0,0,0,0,0,0,0,0,0,0,0
-26.5,0,0,0,0,0,0,10,207,438,440,449,0,0,0,0,0,0,0,0,0,0,2,0,0,0,0,0,0,0,0,0,0,0,0,0,0,0,0,2,9,188,469,441,465,0,0,0,0,0,0,0,0,0,0,2,0,0,0,0,0,0,0,0,0,0,0
-26.0,0,0,0,0,0,1,37,199,2553,10779,73953,0,0,0,0,0,0,0,0,0,0,0,0,0,0,0,0,0,0,0,0,0,0,0,0,0,0,0,0,34,210,2710,11303,74604,0,0,0,0,0,0,0,0,0,0,4,0,0,0,0,0,0,0,0,0,0,0
-25.5,0,0,0,0,0,1,34,592,1301,1358,1339,0,0,0,0,0,0,0,0,0,1,12,0,0,0,0,0,0,0,0,0,0,0,0,0,0,0,0,4,35,611,1452,1449,1330,0,0,0,0,0,0,0,0,0,0,13,0,0,0,0,0,0,0,0,0,0,0
-25.0,0,0,0,0,1,1,108,120,1668,22889,151875,0,0,0,0,0,0,0,0,0,1,14,0,0,0,0,0,0,0,0,0,0,0,0,0,0,0,0,4,108,102,1697,23551,151897,0,0,0,0,0,0,0,0,0,0,49,0,0,0,0,0,0,0,0,0,0,1
-24.5,0,0,0,0,1,13,52,562,6918,14032,13930,0,0,0,0,0,0,0,0,0,0,17,0,0,0,0,0,0,0,0,0,0,0,0,0,0,0,1,13,36,625,6920,13865,14218,0,0,0,0,0,0,0,0,0,0,35,0,0,0,0,0,0,0,0,0,0,1
-24.0,0,0,0,0,0,17,97,1678,3717,17065,85178,0,0,0,0,0,0,0,0,0,0,33,0,0,0,0,0,0,0,0,0,0,2,0,0,0,0,1,16,95,1649,3791,17299,86049,0,0,0,0,0,0,0,0,0,2,82,0,0,0,0,0,0,0,0,0,0,2
-23.5,0,0,0,0,2,16,309,1801,5945,28947,105719,0,0,0,0,0,0,0,0,0,1,42,0,0,0,0,0,0,0,0,0,0,0,0,0,0,0,1,20,340,1887,5997,28666,105554,0,0,0,0,0,0,0,0,0,0,128,0,0,0,0,0,0,0,0,0,0,0
-23.0,0,0,0,0,0,82,336,910,16742,43981,93702,0,0,0,0,0,0,0,0,0,3,109,0,0,0,0,0,0,0,0,0,0,1,0,0,0,0,2,76,427,883,16570,44172,93406,0,0,0,0,0,0,0,0,0,2,253,0,0,0,0,0,0,0,0,0,0,5
-22.5,0,0,0,0,4,53,917,4620,9449,56826,285429,0,0,0,0,0,0,0,0,0,2,144,0,0,0,0,0,0,0,0,0,0,8,0,0,0,0,6,54,954,4467,9718,57036,287145,0,0,0,0,0,0,0,0,0,14,407,0,0,0,0,0,0,0,0,0,1,13
-22.0,0,0,0,0,2,142,957,4792,14776,32941,87282,0,0,0,0,0,0,0,0,1,13,189,0,0,0,0,0,0,0,0,0,0,9,0,0,0,0,3,159,911,4816,14747,33212,87503,0,0,0,0,0,0,0,0,0,30,437,0,0,0,0,0,0,0,0,0,1,33
-21.5,0,0,0,3,17,144,933,5337,21529,55233,305762,0,0,0,0,0,0,0,0,2,20,351,0,0,0,0,0,0,0,0,0,1,18,0,0,0,0,17,161,1015,5221,21507,54943,308217,0,0,0,0,0,0,0,0,2,32,1026,0,0,0,0,0,0,0,0,0,2,64
-21.0,0,0,0,0,32,535,2496,11688,43155,139059,241597,0,0,0,0,0,0,0,0,2,29,521,0,0,0,0,0,0,0,0,0,1,42,0,0,0,1,24,526,2589,11564,43495,140699,242048,0,0,0,0,0,0,0,0,5,88,1507,0,0,0,0,0,0,0,0,0,6,106
-20.5,0,0,0,6,63,437,2582,12367,34222,98191,269705,0,0,0,0,0,0,0,0,4,49,828,0,0,0,0,0,0,0,0,0,2,55,0,0,0,9,45,469,2696,12333,34304,99150,271202,0,0,0,0,0,0,0,0,5,145,2513,0,0,0,0,0,0,0,0,0,5,161
-20.0,0,0,0,4,77,1495,6431,13171,49421,89383,479109,0,0,0,0,0,0,0,0,4,61,1221,0,0,0,0,0,0,0,0,0,6,120,0,0,1,2,71,1446,6333,13301,49423,88820,481695,0,0,0,0,0,0,0,0,12,213,3963,0,0,0,0,0,0,0,0,1,4,355
-19.5,0,0,0,17,257,1235,6371,27067,94506,282710,467023,0,0,0,0,0,0,0,0,15,176,1685,0,0,0,0,0,0,0,0,0,8,180,0,0,3,32,265,1295,6414,27256,94740,284932,467668,0,0,0,0,0,0,0,0,28,520,4965,0,0,0,0,0,0,0,0,1,26,532
-19.0,0,0,2,56,181,3056,8634,30359,102086,176595,474786,0,0,0,0,0,0,0,0,29,285,3165,0,0,0,0,0,0,0,0,0,14,307,0,0,3,50,194,3024,8488,29994,102390,177804,476973,0,0,0,0,0,0,0,0,75,819,9190,0,0,0,0,0,0,0,0,0,48,964
-18.5,0,0,2,32,664,4097,15557,59042,106855,312849,510605,0,0,0,0,0,0,0,0,49,477,4242,0,0,0,0,0,0,0,0,0,23,653,0,0,0,37,716,4103,15571,59170,107463,313992,512014,0,0,0,0,0,0,0,7,117,1375,12774,0,0,0,0,0,0,0,0,5,106,1959
-18.0,0,0,17,147,487,3071,15660,77348,211709,345420,869510,0,0,0,0,0,0,0,3,85,901,7531,0,0,0,0,0,0,0,0,3,59,753,0,1,16,171,533,3104,15443,77520,212606,348053,874764,0,0,0,0,0,0,2,9,223,2600,22512,0,0,0,0,0,0,0,0,11,188,2502
-17.5,0,1,26,230,2254,14556,49158,80443,222138,585050,1415208,0,0,0,0,0,0,0,8,181,1300,10813,0,0,0,0,0,0,0,0,6,117,1784,0,1,29,203,2254,14526,49344,80362,222747,586923,1422018,0,0,0,0,0,0,4,29,447,3760,31877,0,0,0,0,0,0,0,0,19,382,5588
-17.0,0,7,39,471,1184,7500,34211,121932,215094,363302,363293,0,0,0,0,0,0,1,19,297,2281,14269,0,0,0,0,0,0,0,3,16,215,2450,0,3,40,503,1262,7457,34345,121833,215749,365034,364566,0,0,0,0,0,0,5,78,1013,6426,42704,0,0,0,0,0,0,0,1,47,676,7476
-16.5,0,3,152,613,5753,33298,51727,143909,396372,626495,1498268,0,0,0,0,0,0,4,61,595,4387,24592,0,0,0,0,0,0,0,1,44,421,4419,0,5,164,614,5949,33532,52030,144511,397693,629427,1505614,0,0,0,0,0,0,15,158,1820,12998,73365,0,0,0,0,0,0,0,2,109,1427,13077
-16.0,0,19,112,1891,5716,19802,91763,153056,416248,656973,1565898,0,0,0,0,0,0,14,125,1006,5756,27728,0,0,0,0,0,0,0,1,95,770,6993,0,16,109,1909,5632,19753,91885,153651,416485,660255,1569632,0,0,0,0,0,4,32,313,2793,17017,82204,0,0,0,0,0,0,0,7,236,2282,21187
-15.5,3,48,432,1621,12414,51819,124150,291224,460012,1092164,1090634,0,0,0,0,0,0,32,220,1808,8856,46618,0,0,0,0,0,0,0,11,182,1445,11727,1,47,472,1634,12208,51552,124420,292684,461401,1097286,1096533,0,0,0,0,0,0,65,641,5397,26640,139871,0,0,0,0,0,0,0,33,526,4570,35714
-15.0,9,70,884,4787,13812,63639,167306,340488,514647,1168795,2543560,0,0,0,0,0,6,50,449,3305,16499,63578,0,0,0,0,0,0,2,27,342,2579,17332,4,49,915,4997,13863,63733,167131,341842,514525,1173493,2560738,0,0,0,0,0,11,162,1286,9930,50310,191817,0,0,0,0,0,0,3,73,918,7899,52421
-14.5,3,248,1300,10093,33617,112733,220395,444426,898295,1304489,1885604,0,0,0,0,0,2,120,857,5273,22759,85251,0,0,0,0,0,0,3,65,658,4608,25462,5,221,1227,10071,34104,113467,219807,446746,900207,1308997,1891576,0,0,0,0,1,30,360,2675,15522,68000,256562,0,0,0,0,0,0,15,161,1961,14155,75649
-14.0,22,459,3966,11618,31791,130758,270982,574582,1139636,1562361,2996711,0,0,0,0,2,20,244,1570,9712,36579,141105,0,0,0,0,0,0,14,157,1303,7916,41235,31,512,3901,11575,31636,131554,273460,577396,1145147,1567954,3008818,0,0,0,1,6,52,695,4998,28753,109695,423785,0,0,0,0,0,1,32,476,3875,24173,123335
-13.5,93,633,2744,19428,69267,222831,537699,921917,1217321,2266449,3122785,0,0,0,1,4,50,593,2767,16040,56254,157187,0,0,0,0,0,1,27,340,2618,12757,71160,100,652,2917,19679,69865,223567,539605,925462,1219348,2272950,3132631,0,0,0,0,13,174,1693,8749,48183,166499,475327,0,0,0,0,0,6,95,987,7905,39246,213930
-13.0,205,2243,12551,38556,140166,253764,378804,575627,1322837,1951571,2832772,0,0,0,1,13,126,1167,6498,22741,79821,271224,0,0,0,0,0,5,74,716,4737,26839,91103,212,2365,12845,38921,139878,253592,379559,578184,1325522,1958370,2842973,0,0,0,2,52,414,3487,20098,68352,241115,817348,0,0,0,0,3,11,226,2034,14621,80448,274269
-12.5,269,2075,15133,61692,142946,295373,755124,1579914,2033623,2676895,4804928,0,0,0,3,33,356,2450,10265,41505,127386,324247,0,0,0,0,0,20,182,1650,9379,38424,148322,267,2005,15232,61200,143523,296262,758538,1589584,2041675,2688806,4828476,0,0,0,6,121,978,7106,30941,124183,383792,973584,0,0,0,0,5,44,559,4731,27725,115830,448722
-12.0,1245,7481,28278,66194,219256,631272,1053988,1373575,2305090,2962603,5126957,0,0,1,7,86,888,4714,19110,68616,186609,468835,0,0,0,0,0,41,479,3297,16481,64282,217510,1297,7492,28272,66157,219362,631104,1058355,1379673,2310717,2972700,5143403,0,0,1,31,302,2444,14235,57629,205491,560394,1411599,0,0,0,0,9,151,1478,9751,50052,194573,651790
-11.5,2116,15732,53594,185377,339808,606328,1034391,1688794,2849057,4443187,5715154,0,0,3,22,261,1878,8892,32279,107991,262206,631311,0,0,0,0,14,104,1114,6558,29250,101260,305423,2090,15789,54698,186913,341634,608868,1039300,1694470,2857926,4466450,5729619,0,1,1,77,807,5623,27172,97631,326408,787368,1904917,0,0,0,0,37,407,3309,19544,88795,306907,923220
-11.0,3352,16961,63247,205930,487385,1193816,1871017,2853147,3542050,5434634,6716668,0,0,8,94,611,3808,17767,58844,163663,402701,811592,0,0,0,2,52,359,2751,12794,53644,167905,466837,3488,16898,62715,207284,488144,1195997,1878916,2863070,3556947,5458692,6740596,0,1,15,219,2057,11574,53635,179790,491688,1217551,2449563,0,0,0,8,124,1080,7920,38234,160743,506337,1406720
-10.5,12130,57656,156704,303811,574296,1019682,1702745,2704274,4114027,5078195,6374970,0,2,30,244,1622,9374,32691,92572,258357,582043,1230177,0,0,1,7,145,906,5911,28057,91983,249486,673139,12094,57684,155995,303072,575643,1023844,1714254,2715887,4128895,5095805,6396478,0,1,55,698,5109,28677,98968,279464,777175,1752984,3711207,0,0,0,34,347,2759,17507,84258,276273,754487,2026273
-10.0,21068,81168,271023,536905,1022077,2179408,3046146,4283311,5989111,6972362,9983189,0,3,89,760,4255,18062,64750,163552,405618,809435,1576985,0,0,0,50,338,2814,13339,49526,166832,406389,944988,21674,81487,272076,535723,1024901,2180938,3054565,4298158,6011429,6992586,10024577,0,9,214,2059,12342,53491,194730,493912,1220673,2438384,4754876,0,0,9,125,1066,8265,39823,150930,500125,1224796,2845298
-9.5,43783,117296,303947,693265,1361748,2069844,3113982,4575626,5566201,8191380,9912680,0,15,268,1857,9043,33465,104534,270263,583890,1035257,1911390,0,0,9,129,1122,6584,27229,92745,254629,620829,1288990,43983,117880,305428,698360,1374837,2087632,3137854,4607378,5598923,8236640,9962140,1,42,709,5728,27155,101721,313437,816121,1755959,3121844,5766173,0,0,32,451,3237,19576,82798,279926,769004,1865728,3875806
-9.0,73850,282390,642266,1208202,1788459,3042377,4094462,5585621,7595598,8927412,10660016,0,93,813,5127,20889,70893,181638,400433,872075,1645598,2802930,0,0,54,493,2973,15954,56119,172897,418175,891963,1857654,73926,282240,641205,1206969,1788101,3039640,4094354,5589132,7606767,8935954,10663662,10,261,2363,15148,61980,213243,545929,1207175,2625196,4968451,8439618,0,6,133,1498,9077,47780,171114,519753,1261002,2675954,5594561
-8.5,142571,386005,807130,1437265,2498292,4105074,6382681,7411362,8431062,11107618,14585471,20,318,2413,12193,42839,130785,343348,693150,1272886,2127939,3372410,0,2,217,1576,8542,35416,116012,298808,729053,1460519,2604473,141995,385512,808982,1440681,2514002,4134833,6422511,7450858,8480871,11180679,14659936,73,926,7073,36950,127659,390656,1036462,2091867,3832056,6418788,10154695,2,31,648,4974,25849,105982,347360,896758,2191812,4390130,7858721
-8.0,223678,516456,1311951,2388944,3294641,4375185,5902153,8985410,11675619,11671625,13402104,89,997,6073,30475,94126,238876,554267,1059876,1836539,3009478,4610785,2,48,661,4913,21336,73956,215409,539023,1125375,2073004,3579818,225072,519977,1321411,2404723,3308628,4389497,5916405,9012215,11708779,11715857,13444689,237,3270,18072,91733,283175,720046,1666398,3190213,5525831,9063695,13871676,7,196,2113,14732,65080,223501,651260,1626972,3393110,6233967,10785019
-7.5,422588,1156957,1853679,2514813,4651338,7744906,9845111,10893925,13605884,17075679,19302314,396,3706,17899,67613,178059,449741,922718,1580969,2685273,4007459,5888234,12,275,2801,14636,53969,164389,420422,891167,1768302,2965193,4959641,424052,1159859,1854296,2513839,4658654,7768778,9882619,10937446,13657546,17130984,19364282,1165,11185,53905,204156,535239,1359679,2771732,4755161,8091885,12077355,17702160,60,908,8451,44714,161758,497124,1266546,2684876,5326308,8928640,14930253
-7.0,967324,1750625,2690794,4826320,5629572,7193166,10344377,13064560,14440961,17914214,22323043,1558,11382,47258,149361,364368,785249,1427546,2445003,3891066,5557192,7761651,91,1347,8989,41129,125381,341006,766442,1525480,2656708,4355385,6530897,970070,1747261,2706089,4850534,5654550,7217984,10383543,13122424,14484190,17982484,22400278,4779,34744,143131,451286,1094527,2367947,4295557,7359887,11713211,16749315,23359192,311,4159,27254,123917,372917,1031767,2311989,4603433,8007982,13114843,19661201
-6.5,1174820,2036765,4118277,5434499,8521040,11707722,11704645,15837411,19282937,21020068,23212041,5689,33989,116166,320185,695023,1328550,2337339,3649892,5475999,7663995,10047166,502,5407,27068,103586,281380,672095,1345648,2512979,4137105,6378582,9019840,1172236,2043838,4138872,5457813,8555462,11753664,11757186,15897090,19348229,21107477,23290557,17214,102541,348360,966041,2091213,3998051,7038178,10993389,16490630,23076043,30251805,1638,16597,82139,311681,844404,2033137,4047536,7583399,12474052,19201206,27170836
-6.0,1888149,4270560,5542019,8569380,10713625,13916802,19399477,19399651,24613964,26749869,31074065,20474,95178,258653,600805,1215363,2232040,3628046,5264673,7585741,9963899,12837971,2958,19852,88153,264553,624487,1279002,2390193,3891648,6162824,8754415,12295538,1897997,4295726,5552159,8600311,10754304,13957590,19468732,19471699,24703570,26853058,31199181,61886,286979,779837,1812279,3663103,6713176,10930470,15855952,22820030,30007149,38654058,9026,59748,265214,794713,1869732,3864835,7188593,11711791,18582551,26341947,37006784
-5.5,3802840,5371788,8312308,10483893,13672071,17801776,19202198,24349428,24346847,28628870,28623891,61980,236431,590191,1319964,2279597,3743516,5722546,7802050,10661383,13411579,17016000,13741,68748,229140,590803,1229623,2387186,4120808,6506452,9381840,12561885,16766817,3809471,5378409,8334189,10528639,13708493,17874879,19271559,24445098,24431713,28738410,28721448,185603,715007,1780717,3965100,6868346,11261912,17240597,23484729,32091244,40401918,51222174,41421,207520,691782,1774149,3695406,7198336,12397806,19577710,28269610,37810222,50493481
-5.0,5441353,7451302,10661860,13780849,16534269,20726910,24151440,27626375,29709975,33958029,36612305,182774,579689,1235977,2412542,3933541,6046314,8689461,11459952,14896905,18079346,21496295,54027,211738,590887,1325629,2479626,4295290,6785964,9959360,13786529,18025934,22417270,5481861,7509556,10757144,13873211,16645152,20853090,24282913,27774426,29872794,34134799,36818741,550936,1743315,3724541,7262131,11835786,18216599,26181561,34523425,44810513,54437117,64712651,163624,636689,1781750,3990744,7454420,12938366,20421133,29996568,41562121,54268106,67502173
-4.5,7035641,12120775,14119732,19597362,23780000,27226821,32398687,32383283,40741823,40741596,48582416,547035,1344430,2529424,4166528,6525951,9404219,12500649,16172518,19989374,23964884,27641528,192824,604902,1464592,2898119,4838579,7623678,11078296,14991475,19585884,24664498,29641496,7013780,12127230,14109506,19609721,23791579,27247508,32434982,32436726,40812793,40817902,48670363,1647229,4053261,7624924,12532925,19643375,28337506,37679837,48712201,60171132,72171835,83246750,583449,1820343,4415024,8719200,14559547,22987277,33344931,45153261,59010580,74264495,89273167
-4.0,12145592,15128374,22024143,23458446,28530446,35424814,35442331,45722669,45734882,48238264,53310474,1342028,2846814,4923045,7834425,10784384,14440153,18477389,22639403,27371511,31863295,36777378,630297,1676533,3255293,5815159,8805623,13002513,17460525,23191414,28364715,34056460,39960267,12204437,15221590,22146522,23576956,28665892,35576772,35569265,45897751,45902397,48426035,53508334,4033069,8579804,14836122,23574672,32492752,43476791,55682194,68227004,82413929,95959712,110766792,1903109,5041086,9813623,17515506,26517302,39194757,52530504,69829409,85524039,102576193,120352400
-3.5,19676373,23527689,25346167,33973192,37538682,41556526,51737663,51754168,51738555,61587305,61568132,3230269,5871328,9045114,13153534,17449988,22606208,27864486,32514708,37574972,42148624,46463966,1963753,4052052,7280859,11285047,15865681,21611052,28215101,34326439,41776059,48055431,55068465,19776603,23614829,25462354,34120108,37677825,41726630,51928243,51961147,51952627,61832875,61831934,9726767,17676346,27248469,39581735,52562450,68064970,83952275,97970685,113124973,126903760,139935366,5907919,12199089,21945339,33967638,47778844,65072767,84933664,103350044,125874041,144706242,165844603
-3.0,20909990,29600848,36434534,36447186,44502581,52664647,52674294,55002019,66938714,66938081,66929604,7055419,11342385,15824803,21227856,27071553,33228974,39562955,45267035,50485091,55909867,61655902,5221267,9278206,14396608,20441417,27157826,34572730,42522197,50903277,58843297,66203634,73547231,21037148,29753433,36598819,36593950,44666388,52855325,52849393,55186243,67183996,67188304,67197661,21234593,34146369,47679428,63875032,81550102,100099186,119202414,136376621,152018435,168318716,185654012,15712692,27931219,43380877,61535736,81737206,104113023,128005643,153283219,177181997,199384606,221495921
-2.5,32224757,36520543,46858910,57090275,59202825,59217031,70716112,80037787,80054706,80014615,88775531,14835230,21285190,27763616,35531337,41710201,48338714,56019494,62431778,68598414,74983551,80065951,12828497,20021825,28296453,37380114,46281119,55933537,65373413,74645986,83648014,91765291,99723850,32345829,36734843,47097389,57355366,59480265,59497767,71012309,80392191,80382984,80390615,89167277,44663136,64116069,83624447,106939096,125585513,145562655,168728835,188094642,206492985,225803055,241157100,38590187,60291452,85253476,112526673,139305389,168417999,196762135,224784307,251828408,276401734,300212765
-2.0,50857649,56997210,56995555,61431971,72869897,86548568,86539255,86555656,86556454,94669277,103072998,28182611,37191774,46469465,55093315,63761923,72692044,79763890,87291454,94417896,100275072,104861797,28730926,39803132,52309675,64329475,75127438,87567262,99017351,108844636,119152214,128385909,136355415,50956600,57084276,57091058,61532386,72993009,86789476,86753228,86776407,86752767,94903953,103339333,84846853,112034863,139903383,165873813,191992285,218917633,240269495,262885376,284243667,302009384,315846802,86536814,119845952,157533285,193647102,226165849,263675358,298097088,327829076,358764636,386583927,410647479
-1.5,57696876,69651283,81387927,88528284,88511560,88529881,88532092,101012450,113880419,119151722,119132508,52055447,63774683,75344186,84975604,95148807,105072676,111908743,121424912,129018412,133534448,142271255,59123568,77219576,90595313,107712095,120669052,135239650,145890489,160633435,169054303,180116318,187000649,57893415,69882931,81618378,88752682,88736023,88767858,88761464,101298668,114183524,119498186,119479147,156757813,192060226,226800027,255828459,286466963,316477538,337068774,365693957,388474973,402194401,428545321,178003838,232550930,272958847,324286370,363300106,407199262,439264387,483718556,508957385,542474058,563161578
-1.0,62477853,67311998,79878930,92215687,104412182,118980876,131239710,131241179,131253745,131228196,131243541,88339355,102457385,115918705,129996668,138889175,146067450,159879802,167075193,174980120,180056263,184142667,118940097,136941746,160030077,175683892,190490249,206744289,223201727,231770583,246636941,255562854,265721147,62797131,67756013,80360054,92712596,104946888,119631586,131899747,131909503,131913170,131911311,131896594,266041019,308524980,349012061,391535676,418281147,439918254,481535627,503125692,527016263,542240937,554593686,358047628,412348533,482063778,529048585,573555179,622670688,672059299,697849179,742602245,769812689,800189820
-0.5,101823144,109841290,109838026,109866731,109857190,109847072,109836129,109840640,109850244,109846843,109848517,139795500,155548190,170113454,185447195,199603760,214668734,223428410,230793125,238945881,246913066,251992369,235917518,259477491,276807892,293798921,309915694,327147498,344559395,362384663,374708617,383836683,394292280,102371963,110333355,110322059,110320456,110326781,110342197,110320756,110327085,110320913,110331293,110327962,421015367,468426148,512386247,558330045,601055474,646547924,672535699,694919259,719497526,743589195,758879322,710316734,781253798,833592548,884834760,933046711,985133730,1037590487,1091204305,1128171644,1156171297,1187398383
0.0,260881053,274166261,287089650,299746897,312213101,327143968,339703417,352556652,365816991,379576260,397281457,262159078,280638528,288078904,295939768,303204831,310944629,318766451,326248383,334377974,342519439,351820758,302336568,330349712,357362342,383864256,408836048,417652985,426529108,435563968,445056395,454272196,464822804,261469578,274754955,287741569,300425771,312997246,327975263,340622494,353473910,366774325,380617097,398357762,789338043,845029780,867489600,891116143,912939534,936267256,959673127,982235742,1007087428,1031509381,1059375468,910414250,994693720,1076076136,1155940523,1231106569,1257643222,1284517209,1311665863,1339961515,1368306207,1399945008
0.5,94389771,102780344,102746935,102757588,102762232,102750241,102769372,102782396,102763966,102767990,102768797,126580392,142167435,156681561,171852373,185996861,201076198,209721010,217086072,225115390,233160901,238181796,217954241,241262587,258583001,275531484,291422890,308739984,326142839,343896567,356241472,365392443,375803233,94935802,103287028,103283871,103279795,103309242,103300022,103302147,103309775,103311407,103302100,103305200,381211018,428132209,471924685,517728828,560254755,605651311,631601358,653779519,678273763,702191668,717394878,656551972,726841053,778765718,829808278,877967423,929920397,982386103,1035829570,1072683877,1100657550,1131847017
1.0,48398046,52921218,65459949,77755132,89891799,104349511,116598729,116576866,116569836,116578108,116594234,80965244,94729324,108006299,121834234,130613450,137729075,151513838,158652256,166550174,171696877,175711064,109596490,127181161,149903560,165355488,179871922,196091329,212336573,220845737,235684253,244759470,254891873,48564069,53141683,65702728,78067636,90253997,104789671,117046126,117035010,117059332,117049775,117047723,243832047,285235570,325149187,367044330,393340743,414844183,456258032,477866570,501721712,517072535,529277754,330114851,383144470,451387030,497972066,541962100,590607838,639718996,665276568,710010748,737235509,767561906
1.5,48162692,59928352,71389789,78286089,78296286,78293858,78280809,90732074,103527266,108761137,108765176,47181049,58461996,69717390,79113196,89086347,98912102,105670141,115047217,122572906,127153518,135899276,54036072,71526325,84542730,101191695,113878635,128339427,138777628,153382808,161670135,172878343,179701098,48279309,60099263,71580993,78571732,78573938,78545150,78576847,91057123,103884979,109136216,109189525,142148689,176112267,209959256,238295630,268348362,297898784,318224042,346567778,369214682,382932451,409326038,162802001,215387927,254536052,304828103,343105242,386478086,418127617,462092842,487187428,520619836,541035175
2.0,41623820,48270076,48256201,52574911,63677447,76981221,76965561,76974695,76971727,85117692,93510490,25295768,33878193,42770916,51125778,59575197,68348267,75286804,82680000,89725901,95606342,100176577,26052685,36560637,48580870,60191713,70725786,82947379,94181221,103876710,114033205,123354850,131208061,41900091,48561093,48561747,52863591,64034130,77371238,77364625,77352236,77369814,85529002,93991105,76172715,102028025,128808127,153989750,179430906,205802233,226746451,249119875,270256623,287961522,301707848,78471190,110099936,146293220,181383701,213002577,249756512,283709574,312946285,343603363,371279428,395159100
2.5,28848399,32415352,42436107,52321311,54173706,54171330,65437360,74590584,74587906,74610888,83391604,13202212,19267835,25402489,32860065,38845363,45316576,52813511,59119485,65161618,71503834,76564075,11491667,18260571,26115034,34822747,43421703,52815057,62052849,71177270,80008477,88163157,95967468,28962850,32496894,42547529,52492325,54374969,54357723,65686931,74875474,74883910,74887180,83702238,39734724,58013289,76525005,98921646,116987954,136410330,159056907,178039925,196208067,215401161,230583365,34647794,54975544,78658317,104907399,130800123,159065729,186910815,214344017,241075337,265400905,289089259
3.0,18196518,26520520,33298784,33282352,41266348,49114284,49122717,51410535,63144322,63175451,63139549,6199768,10170683,14385966,19502779,25127333,31091256,37244379,42810149,47927528,53263980,58974327,4625868,8386200,13202188,18935547,25371591,32515468,40253960,48485139,56250146,63600083,70811619,18242998,26595450,33414357,33411601,41410732,49310558,49328585,51620753,63413310,63405463,63400021,18675954,30627568,43325876,58713944,75665440,93575465,112171268,128907825,144297298,160455571,177621601,13934655,25249577,39721147,57031779,76465219,97986471,121311065,146008337,169455645,191346916,213274204
3.5,15252253,19266028,20782076,29022643,32182569,36105658,46050888,46060010,46058194,55763489,55747684,2818667,5234545,8202879,12080419,16216471,21181912,26292574,30889208,35830666,40357487,44656275,1722673,3634546,6658269,10431167,14834926,20344705,26787360,32786376,40118578,46357396,53290670,15234285,19296983,20803438,29098040,32277927,36185969,46188783,46183420,46192627,55929052,55933307,8476122,15771330,24713192,36400359,48847137,63778140,79253431,92995637,107892833,121535862,134481891,5191933,10955281,20040600,31446659,44689002,61327960,80716695,98686807,120870545,139509109,160538210
4.0,10330491,12746468,19220914,20385094,25462591,32028694,32025879,42084829,42083812,44576555,49577590,1155547,2520115,4434972,7161372,9976206,13480930,17379576,21464266,26093805,30554909,35456846,548766,1492047,2958543,5356056,8196083,12222870,16540833,22128814,27217602,32853727,38686934,10395587,12780872,19278569,20464959,25533232,32129611,32141335,42245273,42252221,44733528,49757567,3478185,7585654,13367047,21578943,30040014,40572650,52396976,64596157,78573171,91993009,106711991,1652574,4496163,8889556,16119615,24706881,36840909,49768934,66605505,81990242,98866761,116510046
4.5,5218571,9850093,11580132,16886979,20693203,23979867,28903403,28902488,37040943,37053779,44822199,466526,1180402,2266195,3782713,6017277,8772529,11754272,15321340,19040229,22955971,26604344,167109,535841,1324250,2655692,4493507,7160443,10491610,14299237,18793970,23796319,28703282,5212936,9863437,11627839,16954197,20796807,24072198,29052817,29044358,37246803,37236741,45040465,1407032,3555640,6825476,11410345,18135389,26428090,35459054,46142402,57334923,69114127,80083126,500558,1610021,3985486,7995647,13530364,21569373,31556623,43060798,56649197,71626341,86474247
5.0,4567488,6406630,9465926,12289524,14990899,18823622,22147564,25414761,27467782,31601659,34253582,154243,505044,1099673,2182540,3613339,5623252,8156868,10856514,14192375,17330992,20716912,46336,185320,528995,1210465,2291191,4023844,6409314,9493358,13231274,17401536,21742752,4586982,6461545,9507840,12376047,15058226,18926989,22246840,25535686,27597025,31735454,34396414,465646,1514503,3310161,6590259,10895455,16932171,24607550,32684751,42741879,52179519,62346633,138236,558406,1596309,3635598,6899037,12117705,19302189,28591087,39894756,52382509,65484040
5.5,3026312,4384032,7048857,9121931,11989320,15992092,17267411,22307832,22304177,26495454,26497206,51027,203615,520930,1186003,2085409,3465228,5358446,7364774,10143846,12863237,16426225,11707,60609,205137,534776,1126798,2231926,3877499,6179893,8992455,12110605,16256511,3020287,4356788,7057689,9113504,12013869,16005656,17295709,22344285,22346179,26560013,26557774,154287,615260,1570991,3577020,6294797,10426056,16152141,22188297,30562664,38724971,49451244,34871,180130,613742,1609182,3398130,6711655,11674379,18615001,27101280,36446785,48987792
6.0,1493682,3554834,4624364,7365045,9445801,12358375,17658477,17652419,22636103,24738917,28990871,16324,80238,225966,536570,1102659,2054205,3388602,4961822,7210318,9546612,12385844,2451,17267,77987,236920,566373,1189217,2240198,3687137,5891418,8428307,11906404,1506123,3574879,4638211,7403691,9482935,12403236,17731155,17730313,22728510,24861559,29108151,50628,242646,680122,1617111,3331434,6190654,10220572,14950249,21719908,28731147,37283830,7270,51474,232788,717125,1712707,3577947,6748442,11097071,17755713,25370646,35884209
6.5,990668,1649404,3504848,4677821,7480767,10531789,10531235,14422323,17797389,19473140,21622225,4330,28621,99588,284783,628813,1217211,2174656,3431158,5197214,7330668,9677845,449,4812,23961,92443,254580,623233,1255529,2379432,3948724,6134179,8729703,985434,1649502,3525037,4686716,7504701,10554778,10558421,14488691,17874399,19549425,21710019,13883,86576,302413,857260,1895660,3670271,6553558,10333202,15645873,22068973,29143035,1322,13995,71490,281474,767777,1874194,3780170,7167817,11887827,18473490,26305402
7.0,758354,1464502,2222500,4142554,4892636,6292310,9226296,11876168,13170369,16522628,20869425,1228,9591,40378,132230,327309,716766,1322284,2291766,3686875,5310507,7472632,79,1063,7895,36429,112273,315531,714074,1440680,2526724,4186338,6301493,762624,1462879,2228664,4157495,4910554,6305615,9270719,11918134,13217789,16588548,20955508,3722,28895,123188,397728,987103,2163769,3982887,6900442,11096406,15993003,22510604,245,3329,23549,110106,336690,948878,2152099,4332206,7614238,12594015,19011972
7.5,301512,909909,1553456,2111621,4017020,6910944,8923066,9894709,12473908,15866086,18064419,280,3080,15012,58821,159552,410706,851651,1475296,2543958,3823786,5659993,17,239,2432,12656,48423,150765,388484,838376,1681516,2842643,4786660,303467,917121,1560645,2115513,4034391,6942056,8955415,9927467,12529131,15927441,18125000,903,9205,45982,177976,480577,1234789,2569726,4450093,7653220,11508164,17032827,40,756,7196,38419,144572,452204,1174295,2521019,5064084,8559118,14438724
8.0,190120,381603,1018089,1970342,2808456,3781514,5169928,8086252,10702845,10710307,12395522,61,897,5154,26121,83526,215149,509211,986570,1730766,2865481,4426486,0,38,589,4090,19236,67883,199536,507762,1066923,1981756,3451232,188843,381707,1022575,1982626,2818958,3785427,5181380,8126636,10746225,10742938,12442108,223,2753,15488,79308,253034,649984,1536674,2975828,5206621,8633359,13334952,4,152,1779,12318,57697,202245,600778,1524932,3212159,5970127,10411422
8.5,130464,360581,728265,1247593,2164380,3635892,5786507,6766803,7726154,10285806,13648255,15,299,1997,10379,37462,116757,315881,645255,1198363,2021830,3235560,0,16,184,1449,7636,31808,105542,278668,686873,1394894,2511061,132947,363328,727186,1246028,2169118,3657820,5821357,6798846,7762092,10334931,13703632,62,777,5802,31359,113921,351175,950632,1944101,3603732,6097715,9742541,0,23,500,4287,22766,96275,319664,838037,2072225,4195632,7573051
9.0,48161,209322,512435,1024104,1560571,2705226,3657309,5030515,6920985,8192649,9877697,2,58,630,4323,18278,63268,165250,371570,820009,1564416,2684971,0,1,41,469,2612,13986,51803,160149,394721,845413,1783788,48067,212271,519600,1036283,1572159,2707586,3660201,5040188,6936191,8214502,9920836,11,186,1984,13288,54852,190363,498078,1115695,2465355,4719196,8096847,0,5,101,1286,7913,42906,156478,482599,1188907,2549671,5379557
9.5,35140,81640,218081,521064,1084593,1707401,2669375,4043371,4991363,7535938,9224992,0,20,192,1649,8046,30361,95447,250868,547507,979879,1829905,0,0,9,129,945,5748,25091,86278,237366,589314,1234721,35269,82231,217473,521646,1088327,1716600,2690997,4078697,5034522,7586735,9289086,0,48,594,4990,23986,90188,284363,753093,1646093,2953654,5514919,0,1,15,364,2814,17684,75808,258834,721880,1775206,3723434
10.0,18600,73380,236482,473673,913695,1972719,2777435,3939048,5557022,6489940,9422962,0,4,58,566,3619,16066,58687,150527,380412,763717,1510920,0,0,2,47,287,2458,11920,46248,154572,383610,904255,18765,74044,238206,476672,917232,1978145,2775769,3939487,5563456,6491662,9430071,0,5,172,1789,10748,48015,176791,453553,1141033,2303481,4557819,0,0,7,99,925,7440,36211,139052,469520,1161354,2724585
10.5,8203,41499,118931,228881,445259,827299,1434294,2345843,3655673,4568123,5804404,0,0,11,201,1452,8441,29941,85422,241001,549217,1175731,0,0,0,11,98,863,5161,26044,84497,235414,642824,8301,42151,120695,231826,450799,834575,1447836,2364248,3677061,4590129,5835179,0,2,43,594,4242,24887,88882,256578,726088,1651433,3547557,0,0,1,24,317,2548,16003,78461,258465,716216,1946039
11.0,2146,11689,45926,173671,425413,1069421,1695155,2611691,3261101,5060430,6284221,0,0,1,62,544,3263,16203,53882,152096,380715,772466,0,0,1,0,16,332,2273,11738,49188,157998,443969,2172,11488,45503,173556,426731,1071553,1701857,2623647,3281080,5091585,6324587,0,2,10,244,1626,9974,48042,164042,458048,1144187,2334237,0,0,0,0,98,959,7318,34880,149351,475935,1343629
11.5,1486,12350,43471,148564,269437,490988,873380,1471554,2565698,4084840,5304630,0,0,0,28,227,1606,8270,29134,100602,245441,603577,0,0,0,0,5,126,875,6168,27400,94859,290821,1612,12435,44312,151143,271403,493217,878856,1471724,2570069,4095110,5322013,0,0,1,57,620,4816,24294,89271,301999,737116,1817322,0,0,0,3,53,324,3014,18125,82546,290278,879220
12.0,716,4703,19528,48606,185418,555695,927769,1215761,2070827,2688293,4768932,0,0,0,7,74,742,4335,17396,63777,175309,444200,0,0,0,0,3,34,412,3136,15442,60229,206448,760,4855,19507,48448,185311,559404,936836,1224920,2083202,2700060,4784085,0,0,0,22,251,2177,12590,52659,189918,525126,1344810,0,0,0,0,7,115,1355,9142,46397,183037,623248
12.5,166,1581,12659,49235,112629,236138,651691,1414620,1831380,2433537,4477949,0,0,0,4,23,276,2207,9150,38439,119180,306202,0,0,0,0,0,20,168,1468,8589,35392,140876,146,1595,12462,50094,113227,237273,654471,1418163,1840018,2445452,4490538,0,0,0,5,93,867,6265,27845,115111,358252,925636,0,0,0,0,0,37,552,4216,25721,108285,426921
13.0,120,1459,8721,28971,115185,214555,320694,497534,1191575,1784193,2616154,0,0,0,0,11,126,1090,5804,20815,74393,257524,0,0,0,0,0,1,60,659,4435,24518,86136,126,1485,8852,28817,115002,215310,323730,500057,1198867,1791625,2633011,0,0,0,1,33,370,3012,18133,62356,223486,777293,0,0,0,0,0,4,184,1736,13113,75263,260954
13.5,38,397,2250,15707,55824,191068,472604,814904,1085250,2069759,2889067,0,0,0,0,1,57,582,2532,14660,51896,148284,0,0,0,0,0,2,32,294,2415,12047,67287,26,370,2276,15809,56329,191704,476848,818766,1091639,2079636,2902524,0,0,0,0,12,157,1533,7609,44188,155300,449699,0,0,0,0,0,5,71,793,7203,36135,202407
14.0,14,343,2657,8326,24618,107313,227050,503953,1019532,1406566,2781514,0,0,0,0,0,26,211,1500,8770,33935,133239,0,0,0,0,0,0,12,142,1166,7471,38937,10,348,2753,8496,24553,108123,228073,505681,1024599,1414307,2790817,0,0,0,0,7,62,591,4308,25974,101254,402990,0,0,0,0,0,0,28,385,3461,22189,116719
14.5,1,137,819,7814,26150,96079,187888,387462,801635,1180894,1726896,0,0,0,0,0,10,84,825,4717,21239,80309,0,0,0,0,0,0,2,42,625,4489,23939,2,139,893,7792,26090,96356,189239,388933,807296,1183440,1731887,0,0,0,0,1,25,289,2494,14140,63297,241508,0,0,0,0,0,0,11,141,1814,13338,71738
15.0,1,42,593,3358,10992,51050,142795,296279,453535,1062514,2370860,0,0,0,0,0,4,54,376,2932,15406,59686,0,0,0,0,0,0,0,29,289,2425,16508,0,49,594,3348,10802,51926,143275,297703,455905,1069541,2381160,0,0,0,0,0,9,103,1071,8966,46152,181510,0,0,0,0,0,0,2,53,812,7010,49404
15.5,0,28,275,1300,9360,42953,103185,252643,402949,990175,992765,0,0,0,0,0,0,17,183,1634,8177,43656,0,0,0,0,0,0,0,11,168,1339,11200,0,23,275,1396,9552,43176,104160,255447,405304,995466,995697,0,0,0,0,0,1,72,536,4761,24455,131773,0,0,0,0,0,0,0,29,446,4058,33205
16.0,0,13,81,1325,4545,15996,78998,131431,367538,588937,1444765,0,0,0,0,0,0,10,85,874,5301,25525,0,0,0,0,0,0,0,4,63,710,6603,1,10,94,1385,4598,15852,79594,132174,369967,590598,1451626,0,0,0,0,0,1,29,255,2578,15766,76996,0,0,0,0,0,0,0,11,207,2094,19727
16.5,0,0,86,448,4336,27648,42433,123039,350376,562979,1380928,0,0,0,0,0,0,5,44,571,4138,23035,0,0,0,0,0,0,0,4,29,426,4309,0,2,102,479,4595,27278,42352,122789,352625,566498,1388212,0,0,0,0,0,0,4,169,1629,11958,68520,0,0,0,0,0,0,0,6,94,1196,12330
17.0,0,3,35,296,921,5979,28248,106515,188679,325716,325448,0,0,0,0,0,0,1,18,305,1962,13089,0,0,0,0,0,0,0,2,9,210,2348,0,0,20,304,921,5899,28584,106616,189263,326136,328424,0,0,0,0,0,0,0,46,792,6007,39474,0,0,0,0,0,0,0,1,32,569,6989
17.5,0,0,20,162,1736,11522,40731,67442,193850,526366,1307060,0,0,0,0,0,0,0,9,149,1118,9864,0,0,0,0,0,0,0,0,5,120,1684,0,2,22,170,1698,11825,40927,67728,195083,530537,1313350,0,0,0,0,0,0,1,28,431,3538,29635,0,0,0,0,0,0,0,0,11,260,5111
18.0,0,0,6,122,388,2448,12804,65572,186789,308176,795820,0,0,0,0,0,0,0,11,68,750,7073,0,0,0,0,0,0,0,0,0,62,716,0,2,8,109,433,2499,12767,66585,188378,307927,799034,0,0,0,0,0,0,0,9,200,2408,20999,0,0,0,0,0,0,0,0,5,176,2207
18.5,0,0,4,35,546,3149,13230,50249,92763,278510,461223,0,0,0,0,0,0,0,4,38,399,3998,0,0,0,0,0,0,0,0,0,37,612,0,0,2,23,517,3216,13267,50492,92935,279992,462902,0,0,0,0,0,0,0,11,140,1248,11980,0,0,0,0,0,0,0,0,2,74,1751
19.0,0,0,1,33,138,2381,7173,25496,88246,155958,435076,0,0,0,0,0,0,0,0,23,261,2897,0,0,0,0,0,0,0,0,0,12,278,0,1,0,37,173,2413,7000,25246,88987,157067,437066,0,0,0,0,0,0,0,3,69,766,8628,0,0,0,0,0,0,0,0,4,38,865
19.5,0,0,0,19,192,961,5335,23000,82572,252650,422252,0,0,0,0,0,0,0,0,11,165,1566,0,0,0,0,0,0,0,0,0,13,152,0,0,0,19,197,1027,5338,22971,83587,254945,422936,0,0,0,0,0,0,0,1,45,492,4525,0,0,0,0,0,0,0,0,0,18,486
20.0,0,0,0,3,68,1169,5286,11037,42203,77439,440486,0,0,0,0,0,0,0,1,5,78,1171,0,0,0,0,0,0,0,0,0,6,90,0,0,0,3,49,1158,5324,11196,42054,77921,442522,0,0,0,0,0,0,0,0,12,200,3460,0,0,0,0,0,0,0,0,0,9,336
20.5,0,0,0,0,42,326,2052,9802,28704,86971,243984,0,0,0,0,0,0,0,0,2,41,850,0,0,0,0,0,0,0,0,0,3,60,0,0,0,2,33,315,2103,10133,29073,86737,244334,0,0,0,0,0,0,0,0,11,146,2298,0,0,0,0,0,0,0,0,0,4,164
21.0,0,0,0,1,26,401,2036,9788,36925,123517,217174,0,0,0,0,0,0,0,0,0,13,432,0,0,0,0,0,0,0,0,0,0,43,0,0,0,0,24,437,2131,9794,37363,123943,217389,0,0,0,0,0,0,0,0,1,101,1288,0,0,0,0,0,0,0,0,0,3,88
21.5,0,0,0,0,13,103,822,4304,18292,48684,278930,0,0,0,0,0,0,0,0,1,19,329,0,0,0,0,0,0,0,0,0,0,7,0,0,0,0,12,108,792,4505,18231,48197,280231,0,0,0,0,0,0,0,0,3,41,931,0,0,0,0,0,0,0,0,0,0,53
22.0,0,0,0,0,6,121,745,4060,12368,28753,77846,0,0,0,0,0,0,0,0,0,11,148,0,0,0,0,0,0,0,0,0,0,14,0,0,0,0,2,91,797,4046,12423,28725,77907,0,0,0,0,0,0,0,0,0,34,396,0,0,0,0,0,0,0,0,0,0,22
22.5,0,0,0,0,2,56,694,3644,8010,49822,260624,0,0,0,0,0,0,0,0,0,6,137,0,0,0,0,0,0,0,0,0,0,5,0,0,0,0,6,33,721,3741,8349,49911,262093,0,0,0,0,0,0,0,0,0,17,358,0,0,0,0,0,0,0,0,0,1,10
23.0,0,0,0,0,1,60,269,707,13950,38181,83474,0,0,0,0,0,0,0,0,0,1,71,0,0,0,0,0,0,0,0,0,0,3,0,0,0,0,0,63,311,751,14054,38375,84040,0,0,0,0,0,0,0,0,0,11,240,0,0,0,0,0,0,0,0,0,0,12
23.5,0,0,0,0,1,14,243,1440,4950,25236,94239,0,0,0,0,0,0,0,0,0,0,46,0,0,0,0,0,0,0,0,0,0,2,0,0,0,0,1,19,222,1537,4942,25237,94932,0,0,0,0,0,0,0,0,0,5,88,0,0,0,0,0,0,0,0,0,0,1
24.0,0,0,0,0,0,10,60,1329,3013,14902,76330,0,0,0,0,0,0,0,0,0,0,34,0,0,0,0,0,0,0,0,0,0,2,0,0,0,1,0,7,71,1413,3060,14784,76370,0,0,0,0,0,0,0,0,0,2,74,0,0,0,0,0,0,0,0,0,0,2
24.5,0,0,0,0,0,9,29,473,5776,12094,11992,0,0,0,0,0,0,0,0,0,1,15,0,0,0,0,0,0,0,0,0,0,0,0,0,0,0,0,9,34,507,5841,12205,12240,0,0,0,0,0,0,0,0,0,3,35,0,0,0,0,0,0,0,0,0,0,0
25.0,0,0,0,0,0,2,94,80,1435,20202,136690,0,0,0,0,0,0,0,0,0,0,19,0,0,0,0,0,0,0,0,0,0,0,0,0,0,0,0,3,51,91,1389,20281,137257,0,0,0,0,0,0,0,0,0,3,29,0,0,0,0,0,0,0,0,0,0,0
25.5,0,0,0,0,0,4,23,460,1177,1110,1120,0,0,0,0,0,0,0,0,0,0,4,0,0,0,0,0,0,0,0,0,0,0,0,0,0,0,0,3,31,481,1102,1083,1137,0,0,0,0,0,0,0,0,0,0,15,0,0,0,0,0,0,0,0,0,0,0
26.0,0,0,0,0,0,3,24,201,2065,9391,65543,0,0,0,0,0,0,0,0,0,0,2,0,0,0,0,0,0,0,0,0,0,0,0,0,0,0,0,1,32,174,2148,9407,66009,0,0,0,0,0,0,0,0,0,0,8,0,0,0,0,0,0,0,0,0,0,0
26.5,0,0,0,0,0,1,14,155,355,361,385,0,0,0,0,0,0,0,0,0,0,2,0,0,0,0,0,0,0,0,0,0,0,0,0,0,0,0,0,7,171,364,368,398,0,0,0,0,0,0,0,0,0,0,4,0,0,0,0,0,0,0,0,0,0,0
27.0,0,0,0,0,0,1,8,14,522,7672,56099,0,0,0,0,0,0,0,0,0,0,2,0,0,0,0,0,0,0,0,0,0,0,0,0,0,0,0,1,9,7,509,7756,55923,0,0,0,0,0,0,0,0,0,0,4,0,0,0,0,0,0,0,0,0,0,0
27.5,0,0,0,0,0,0,1,36,708,1619,1591,0,0,0,0,0,0,0,0,0,0,0,0,0,0,0,0,0,0,0,0,0,0,0,0,0,0,0,0,0,42,733,1645,1624,0,0,0,0,0,0,0,0,0,0,0,0,0,0,0,0,0,0,0,0,0,0
28.0,0,0,0,0,0,0,0,65,104,1906,11888,0,0,0,0,0,0,0,0,0,0,3,0,0,0,0,0,0,0,0,0,0,0,0,0,0,0,0,0,1,53,85,1807,11882,0,0,0,0,0,0,0,0,0,0,0,0,0,0,0,0,0,0,0,0,0,0
28.5,0,0,0,0,0,0,4,23,179,1292,13099,0,0,0,0,0,0,0,0,0,0,0,0,0,0,0,0,0,0,0,0,0,0,0,0,0,0,0,0,1,14,189,1253,13414,0,0,0,0,0,0,0,0,0,0,0,0,0,0,0,0,0,0,0,0,0,0
29.0,0,0,0,0,0,0,1,6,226,1640,4564,0,0,0,0,0,0,0,0,0,0,0,0,0,0,0,0,0,0,0,0,0,0,0,0,0,0,0,0,1,0,198,1659,4575,0,0,0,0,0,0,0,0,0,0,0,0,0,0,0,0,0,0,0,0,0,0
29.5,0,0,0,0,0,0,0,10,20,945,16320,0,0,0,0,0,0,0,0,0,0,0,0,0,0,0,0,0,0,0,0,0,0,0,0,0,0,0,0,0,18,30,880,16374,0,0,0,0,0,0,0,0,0,0,0,0,0,0,0,0,0,0,0,0,0,0
30.0,0,0,0,0,0,0,0,8,43,153,1387,0,0,0,0,0,0,0,0,0,0,0,0,0,0,0,0,0,0,0,0,0,0,0,0,0,0,0,0,0,5,54,170,1346,0,0,0,0,0,0,0,0,0,0,0,0,0,0,0,0,0,0,0,0,0,0
30.5,0,0,0,0,0,0,0,1,22,259,6912,0,0,0,0,0,0,0,0,0,0,0,0,0,0,0,0,0,0,0,0,0,0,0,0,0,0,0,0,0,0,28,265,6988,0,0,0,0,0,0,0,0,0,0,0,0,0,0,0,0,0,0,0,0,0,0
31.0,0,0,0,0,0,0,0,4,42,596,1630,0,0,0,0,0,0,0,0,0,0,0,0,0,0,0,0,0,0,0,0,0,0,0,0,0,0,0,0,0,2,36,652,1530,0,0,0,0,0,0,0,0,0,0,0,0,0,0,0,0,0,0,0,0,0,0
31.5,0,0,0,0,0,0,0,0,11,234,2007,0,0,0,0,0,0,0,0,0,0,0,0,0,0,0,0,0,0,0,0,0,0,0,0,0,0,0,0,0,2,18,207,2101,0,0,0,0,0,0,0,0,0,0,0,0,0,0,0,0,0,0,0,0,0,0
32.0,0,0,0,0,0,0,0,0,7,39,3872,0,0,0,0,0,0,0,0,0,0,0,0,0,0,0,0,0,0,0,0,0,0,0,0,0,0,0,0,0,0,6,43,3813,0,0,0,0,0,0,0,0,0,0,0,0,0,0,0,0,0,0,0,0,0,0
32.5,0,0,0,0,0,0,0,1,9,242,965,0,0,0,0,0,0,0,0,0,0,0,0,0,0,0,0,0,0,0,0,0,0,0,0,0,0,0,0,0,1,13,216,979,0,0,0,0,0,0,0,0,0,0,0,0,0,0,0,0,0,0,0,0,0,0
33.0,0,0,0,0,0,0,0,0,6,28,1405,0,0,0,0,0,0,0,0,0,0,0,0,0,0,0,0,0,0,0,0,0,0,0,0,0,0,0,0,0,0,4,24,1424,0,0,0,0,0,0,0,0,0,0,0,0,0,0,0,0,0,0,0,0,0,0
33.5,0,0,0,0,0,0,0,0,2,55,340,0,0,0,0,0,0,0,0,0,0,0,0,0,0,0,0,0,0,0,0,0,0,0,0,0,0,0,0,0,2,0,73,380,0,0,0,0,0,0,0,0,0,0,0,0,0,0,0,0,0,0,0,0,0,0
34.0,0,0,0,0,0,0,0,0,5,28,680,0,0,0,0,0,0,0,0,0,0,0,0,0,0,0,0,0,0,0,0,0,0,0,0,0,0,0,0,0,0,3,14,687,0,0,0,0,0,0,0,0,0,0,0,0,0,0,0,0,0,0,0,0,0,0
34.5,0,0,0,0,0,0,0,1,1,45,1296,0,0,0,0,0,0,0,0,0,0,0,0,0,0,0,0,0,0,0,0,0,0,0,0,0,0,0,0,0,0,0,57,1254,0,0,0,0,0,0,0,0,0,0,0,0,0,0,0,0,0,0,0,0,0,0
35.0,0,0,0,0,0,0,0,0,0,1,1,0,0,0,0,0,0,0,0,0,0,0,0,0,0,0,0,0,0,0,0,0,0,0,0,0,0,0,0,0,0,0,1,2,0,0,0,0,0,0,0,0,0,0,0,0,0,0,0,0,0,0,0,0,0,0
35.5,0,0,0,0,0,0,0,0,0,16,464,0,0,0,0,0,0,0,0,0,0,0,0,0,0,0,0,0,0,0,0,0,0,0,0,0,0,0,0,0,0,0,8,448,0,0,0,0,0,0,0,0,0,0,0,0,0,0,0,0,0,0,0,0,0,0
36.0,0,0,0,0,0,0,0,0,0,2,186,0,0,0,0,0,0,0,0,0,0,0,0,0,0,0,0,0,0,0,0,0,0,0,0,0,0,0,0,0,0,1,5,185,0,0,0,0,0,0,0,0,0,0,0,0,0,0,0,0,0,0,0,0,0,0
36.5,0,0,0,0,0,0,0,0,0,13,16,0,0,0,0,0,0,0,0,0,0,0,0,0,0,0,0,0,0,0,0,0,0,0,0,0,0,0,0,0,0,1,8,12,0,0,0,0,0,0,0,0,0,0,0,0,0,0,0,0,0,0,0,0,0,0
37.0,0,0,0,0,0,0,0,0,0,2,323,0,0,0,0,0,0,0,0,0,0,0,0,0,0,0,0,0,0,0,0,0,0,0,0,0,0,0,0,0,0,0,2,298,0,0,0,0,0,0,0,0,0,0,0,0,0,0,0,0,0,0,0,0,0,0
37.5,0,0,0,0,0,0,0,0,0,2,25,0,0,0,0,0,0,0,0,0,0,0,0,0,0,0,0,0,0,0,0,0,0,0,0,0,0,0,0,0,0,0,2,18,0,0,0,0,0,0,0,0,0,0,0,0,0,0,0,0,0,0,0,0,0,0
38.0,0,0,0,0,0,0,0,0,0,0,112,0,0,0,0,0,0,0,0,0,0,0,0,0,0,0,0,0,0,0,0,0,0,0,0,0,0,0,0,0,0,0,0,93,0,0,0,0,0,0,0,0,0,0,0,0,0,0,0,0,0,0,0,0,0,0
38.5,0,0,0,0,0,0,0,0,0,0,47,0,0,0,0,0,0,0,0,0,0,0,0,0,0,0,0,0,0,0,0,0,0,0,0,0,0,0,0,0,0,0,4,43,0,0,0,0,0,0,0,0,0,0,0,0,0,0,0,0,0,0,0,0,0,0
39.0,0,0,0,0,0,0,0,0,0,0,9,0,0,0,0,0,0,0,0,0,0,0,0,0,0,0,0,0,0,0,0,0,0,0,0,0,0,0,0,0,0,0,0,12,0,0,0,0,0,0,0,0,0,0,0,0,0,0,0,0,0,0,0,0,0,0
39.5,0,0,0,0,0,0,0,0,0,0,66,0,0,0,0,0,0,0,0,0,0,0,0,0,0,0,0,0,0,0,0,0,0,0,0,0,0,0,0,0,0,0,0,52,0,0,0,0,0,0,0,0,0,0,0,0,0,0,0,0,0,0,0,0,0,0
40.0,0,0,0,0,0,0,0,0,0,0,27,0,0,0,0,0,0,0,0,0,0,0,0,0,0,0,0,0,0,0,0,0,0,0,0,0,0,0,0,0,0,0,0,21,0,0,0,0,0,0,0,0,0,0,0,0,0,0,0,0,0,0,0,0,0,0
40.5,0,0,0,0,0,0,0,0,0,1,8,0,0,0,0,0,0,0,0,0,0,0,0,0,0,0,0,0,0,0,0,0,0,0,0,0,0,0,0,0,0,0,2,11,0,0,0,0,0,0,0,0,0,0,0,0,0,0,0,0,0,0,0,0,0,0
41.0,0,0,0,0,0,0,0,0,0,0,2,0,0,0,0,0,0,0,0,0,0,0,0,0,0,0,0,0,0,0,0,0,0,0,0,0,0,0,0,0,0,0,0,4,0,0,0,0,0,0,0,0,0,0,0,0,0,0,0,0,0,0,0,0,0,0
41.5,0,0,0,0,0,0,0,0,0,0,0,0,0,0,0,0,0,0,0,0,0,0,0,0,0,0,0,0,0,0,0,0,0,0,0,0,0,0,0,0,0,0,0,2,0,0,0,0,0,0,0,0,0,0,0,0,0,0,0,0,0,0,0,0,0,0
42.0,0,0,0,0,0,0,0,0,0,0,15,0,0,0,0,0,0,0,0,0,0,0,0,0,0,0,0,0,0,0,0,0,0,0,0,0,0,0,0,0,0,0,0,12,0,0,0,0,0,0,0,0,0,0,0,0,0,0,0,0,0,0,0,0,0,0
42.5,0,0,0,0,0,0,0,0,0,0,6,0,0,0,0,0,0,0,0,0,0,0,0,0,0,0,0,0,0,0,0,0,0,0,0,0,0,0,0,0,0,0,0,5,0,0,0,0,0,0,0,0,0,0,0,0,0,0,0,0,0,0,0,0,0,0
44.5,0,0,0,0,0,0,0,0,0,0,0,0,0,0,0,0,0,0,0,0,0,0,0,0,0,0,0,0,0,0,0,0,0,0,0,0,0,0,0,0,0,0,0,2,0,0,0,0,0,0,0,0,0,0,0,0,0,0,0,0,0,0,0,0,0,0
45.0,0,0,0,0,0,0,0,0,0,0,0,0,0,0,0,0,0,0,0,0,0,0,0,0,0,0,0,0,0,0,0,0,0,0,0,0,0,0,0,0,0,0,0,1,0,0,0,0,0,0,0,0,0,0,0,0,0,0,0,0,0,0,0,0,0,0
Total,961944352,1102639751,1243388264,1384077191,1524634614,1693116415,1833658541,1974219840,2114767655,2255330206,2424037247,901907635,1051704505,1192164815,1342024700,1482515157,1632410165,1782353299,1922936458,2072949651,2213621258,2363711082,1192213258,1388841872,1585462762,1782157474,1969463816,2166204761,2362968602,2559776018,2756649276,2944184673,3141145265,965478301,1106622893,1247881680,1389069183,1530194318,1699373113,1840470394,1981587301,2122659703,2263815016,2433162858,2715951644,3167108538,3590118504,4041434027,4464577740,4916068182,5367637162,5791087566,6242839477,6666514716,7118563358,3590282225,4182470219,4774717061,5366987365,5931156607,6523687611,7116317922,7709025990,8301946645,8866747860,9459948316
