TrueCount,H17-2deck-30pen,H17-2deck-35pen,H17-2deck-40pen,H17-2deck-45pen,H17-2deck-50pen,H17-2deck-55pen,H17-2deck-60pen,H17-2deck-65pen,H17-2deck-70pen,H17-2deck-75pen,H17-2deck-80pen,H17-6deck-30pen,H17-6deck-35pen,H17-6deck-40pen,H17-6deck-45pen,H17-6deck-50pen,H17-6deck-55pen,H17-6deck-60pen,H17-6deck-65pen,H17-6deck-70pen,H17-6deck-75pen,H17-6deck-80pen,H17-8deck-30pen,H17-8deck-35pen,H17-8deck-40pen,H17-8deck-45pen,H17-8deck-50pen,H17-8deck-55pen,H17-8deck-60pen,H17-8deck-65pen,H17-8deck-70pen,H17-8deck-75pen,H17-8deck-80pen,S17-2deck-30pen,S17-2deck-35pen,S17-2deck-40pen,S17-2deck-45pen,S17-2deck-50pen,S17-2deck-55pen,S17-2deck-60pen,S17-2deck-65pen,S17-2deck-70pen,S17-2deck-75pen,S17-2deck-80pen,S17-6deck-30pen,S17-6deck-35pen,S17-6deck-40pen,S17-6deck-45pen,S17-6deck-50pen,S17-6deck-55pen,S17-6deck-60pen,S17-6deck-65pen,S17-6deck-70pen,S17-6deck-75pen,S17-6deck-80pen,S17-8deck-30pen,S17-8deck-35pen,S17-8deck-40pen,S17-8deck-45pen,S17-8deck-50pen,S17-8deck-55pen,S17-8deck-60pen,S17-8deck-65pen,S17-8deck-70pen,S17-8deck-75pen,S17-8deck-80pen
-10.5,0,0,0,0,0,1,0,0,0,0,0,0,0,0,0,0,0,0,0,0,0,0,0,0,0,0,0,0,0,0,0,0,0,0,0,0,0,0,0,0,0,0,0,0,0,0,0,0,0,0,0,0,0,0,0,0,0,0,0,0,0,0,0,0,0,0
-10.0,0,0,0,0,0,1,1,1,0,0,0,0,0,0,0,0,0,0,0,0,0,0,0,0,0,0,0,0,0,0,0,0,0,0,0,2,1,0,0,0,0,0,1,0,0,0,0,0,0,0,0,0,0,0,0,0,0,0,0,0,0,0,0,0,0,0
-9.5,0,0,0,0,0,3,5,3,1,2,2,0,0,0,0,0,0,0,0,0,0,0,0,0,0,0,0,0,0,0,0,0,0,0,0,1,0,0,3,4,0,3,1,7,0,0,0,0,0,0,0,0,0,0,0,0,0,0,0,0,0,0,0,0,0,0
-9.0,0,0,1,5,3,3,4,4,7,1,7,0,0,0,0,0,0,0,0,0,0,0,0,0,0,0,0,0,0,0,0,0,0,0,1,5,1,2,9,3,3,6,3,5,0,0,0,0,0,0,0,0,0,0,0,0,0,0,0,0,0,0,0,0,0,0
-8.5,1,7,3,5,14,14,11,20,10,10,12,0,0,0,0,0,0,0,0,0,0,0,0,0,0,0,0,0,0,0,0,0,0,1,4,12,7,12,12,8,18,19,14,13,0,0,0,0,0,0,0,0,0,0,0,0,0,0,0,0,0,0,0,0,0,0
-8.0,2,15,36,40,20,38,37,41,40,30,38,0,0,0,0,0,0,0,0,0,0,0,0,0,0,0,0,0,0,0,0,0,0,2,17,26,30,37,60,52,35,41,35,28,0,0,0,0,0,0,0,0,0,0,0,0,0,0,0,0,0,0,0,0,0,0
-7.5,33,41,55,88,80,125,85,107,91,105,120,0,0,0,0,0,0,0,0,0,0,0,0,0,0,0,0,0,0,0,0,0,0,22,43,66,93,95,103,108,102,103,103,96,0,0,0,0,0,0,0,0,0,0,0,0,0,0,0,0,0,0,0,0,0,0
-7.0,78,143,225,279,295,308,344,329,321,294,306,0,0,0,0,0,0,0,0,0,0,0,0,0,0,0,0,0,0,0,0,0,0,82,140,216,261,270,324,297,268,304,306,287,0,0,0,0,0,0,0,0,0,0,0,0,0,0,0,0,0,0,0,0,0,0
-6.5,292,425,581,721,758,827,798,811,800,801,765,0,0,0,0,0,0,0,0,0,0,0,0,0,0,0,0,0,0,0,0,0,0,241,417,595,667,792,771,804,812,835,822,823,0,0,0,0,0,0,0,0,0,0,0,0,0,0,0,0,0,0,0,0,0,0
-6.0,746,1288,1612,1934,2030,2089,2075,2071,2065,2001,2154,0,0,0,0,0,0,0,0,0,0,0,0,0,0,0,0,0,0,0,0,0,0,695,1245,1681,1886,2019,2085,2083,2043,2106,2054,2101,0,0,0,0,0,0,0,0,0,0,0,0,0,0,0,0,0,0,0,0,0,0
-5.5,2990,4128,4929,5497,5750,5829,5818,5779,5805,5877,5999,0,0,0,0,0,0,0,0,0,0,0,0,0,0,0,0,0,0,0,0,0,0,2942,4108,5057,5525,5788,5784,5999,5663,5925,5903,5836,0,0,0,0,0,0,0,0,0,0,0,0,0,0,0,0,0,0,0,0,0,0
-5.0,8479,11448,13008,14367,14753,15013,15034,14982,14927,14731,15349,0,0,0,0,0,0,0,0,0,0,0,0,0,0,0,0,0,0,0,0,0,0,8452,11639,13328,14165,14978,15099,14954,14730,14986,14953,15015,0,0,0,0,0,0,0,0,0,0,0,0,0,0,0,0,0,0,0,0,0,0
-4.5,22587,27873,32590,34813,36206,36720,36193,36311,36183,35571,36604,0,3,0,0,0,0,0,0,0,0,1,0,0,0,0,0,0,0,0,0,0,0,22217,28275,32805,35231,36339,36823,36608,36452,36513,36054,36831,0,0,0,0,0,0,0,0,0,0,0,0,0,0,0,0,0,0,0,0,0,0
-4.0,72532,84394,90799,95509,98601,97770,98902,98226,98470,98138,98715,0,3,0,0,0,1,0,0,0,0,1,0,0,0,0,0,0,0,0,0,0,0,72891,85163,91801,96383,98215,99047,98334,98903,98318,98165,99321,0,0,0,0,2,0,0,4,0,0,2,0,0,0,0,0,0,0,0,0,0,0
-3.5,192167,226602,239995,246465,248915,250648,251600,250729,251975,251190,249499,1,1,2,0,3,4,0,1,2,0,4,0,0,0,0,0,0,0,0,0,0,0,193798,227883,240245,246163,250805,250518,252798,250232,252776,251721,251328,5,9,1,3,8,9,4,16,3,1,16,0,0,0,0,0,0,0,0,0,0,0
-3.0,499071,537413,571677,581697,590605,591757,592296,591994,592507,592670,593679,29,35,31,32,32,37,25,37,28,35,32,0,0,0,0,0,0,0,0,1,0,0,499457,538167,571895,583366,590749,592278,592928,592455,594092,592944,594976,82,101,64,64,103,110,105,100,109,77,105,2,1,0,0,2,1,1,0,0,3,0
-2.5,1316430,1399618,1450741,1472698,1484835,1487317,1489031,1484690,1488730,1487673,1487382,456,417,474,440,423,477,397,453,475,473,435,3,6,2,5,7,19,4,3,6,14,18,1316423,1404041,1454335,1473585,1486042,1488733,1492412,1489745,1490662,1493060,1491161,1317,1299,1336,1312,1462,1387,1322,1245,1374,1233,1457,47,28,19,44,28,42,23,37,16,48,21
-2.0,3294448,3492061,3563532,3604744,3622838,3630070,3629291,3625165,3628631,3630336,3631069,6148,6270,6287,5962,6120,6170,5978,6176,6254,6333,6049,297,313,332,355,355,339,345,355,325,374,386,3293447,3498699,3565192,3606189,3626444,3631294,3635643,3638878,3633793,3634105,3632925,18446,18528,18486,18451,18548,18485,18463,18219,18514,18367,18475,989,1061,1077,977,1018,1081,997,1080,1004,1009,1033
-1.5,9324295,9518284,9619045,9722364,9755820,9763790,9760597,9759830,9763006,9768185,9776912,83732,82875,82942,82522,82526,82769,82746,83724,83002,82705,83270,10628,10460,10985,11170,11015,11026,10907,10853,10904,10947,11001,9333292,9539653,9645598,9742657,9775763,9787251,9792671,9777128,9790578,9784007,9782111,248067,249514,250664,249446,248620,248138,249874,249596,249810,249780,250801,32688,33012,32529,33538,33049,33475,33208,33059,33031,33112,33113
-1.0,23346592,23783474,24158837,24253272,24308007,24316200,24322691,24316019,24320754,24327785,24333969,1085107,1085491,1082219,1084490,1083237,1084424,1083961,1083334,1085705,1086058,1086448,328409,328629,329538,329986,328479,329288,330496,329394,328662,329302,329674,23372129,23811035,24181477,24290495,24333767,24346973,24362507,24346662,24359479,24358141,24356802,3254269,3257523,3262148,3255965,3259602,3250367,3257761,3260169,3254685,3260384,3259642,986584,988981,988642,989680,988303,991874,991296,990737,992641,990178,989628
-0.5,47275248,48130077,48439652,48585899,48656867,48697984,48688816,48700850,48706601,48704598,48683073,16240104,16236059,16236156,16235504,16232498,16238131,16243734,16243190,16242295,16243619,16234783,11705496,11703192,11710964,11707202,11710581,11719020,11711982,11707054,11706294,11709077,11716189,47366730,48239334,48532701,48694123,48770939,48796158,48806051,48800632,48811454,48803259,48804931,48778720,48777203,48797699,48792766,48782129,48792189,48799477,48802337,48805022,48810093,48816920,35178616,35181264,35181063,35194929,35186349,35165185,35166110,35175928,35197117,35184757,35174400
0.0,186925201,187716895,188156452,188387989,188478648,188535015,188530357,188530213,188537760,188536592,188539077,114173223,114198467,114191277,114189620,114189530,114188171,114204218,114198226,114204254,114209617,114184583,139074861,139087592,139101430,139082630,139085833,139095044,139094223,139075946,139074252,139076142,139057065,187066865,187864178,188301734,188521454,188628923,188669336,188660963,188667198,188686445,188674511,188686436,343244181,343309097,343331517,343316445,343300382,343283268,343312330,343349464,343313461,343355257,343296514,418264090,418259318,418208479,418284434,418233931,418190361,418191786,418223855,418263705,418224551,418214170
0.5,81700274,83636668,84219532,84519735,84671349,84753537,84762088,84749347,84765013,84783979,84778976,109461527,109533451,109564171,109587951,109554061,109561621,109553441,109552483,109585404,109574757,109594019,148974470,148974906,148995404,148962132,149008483,149001427,148958680,148967619,148997078,148961459,148989875,82133203,84034224,84636350,84923586,85108477,85153148,85185547,85179673,85201521,85177422,85189295,329944591,330144484,330175139,330175863,330127385,330127003,330178858,330155462,330152613,330226770,330171663,448766411,448840338,448798469,448804278,448819942,448855212,448735647,448805979,448789102,448818274,448797109
1.0,84003805,86284385,88128160,88568934,88769140,88870670,88905711,88892715,88897367,88874100,88915292,98224003,98401619,98454120,98458615,98444956,98473892,98451686,98451888,98456502,98446273,98460524,132241220,132324378,132320796,132338437,132322847,132321131,132334777,132339318,132308473,132328858,132308692,84474813,86742369,88610893,89049375,89258867,89353941,89389153,89394451,89372454,89388294,89398878,295859507,296392008,296530030,296526859,296558806,296504454,296510811,296507104,296502669,296488731,296519341,398367848,398562849,398566536,398554389,398574822,398591692,398578916,398579741,398535985,398558055,398543564
1.5,77876941,80100380,81466306,82602971,82894985,83016758,83068245,83033658,83048003,83056307,83052027,91304271,91752081,91843832,91848234,91856971,91839843,91855191,91859495,91847300,91864602,91876124,123699123,123932676,123950800,123954654,123946934,123949702,123960319,123951658,123930350,123951346,123966977,78238595,80464149,81848711,82964107,83244197,83402644,83418109,83443283,83416972,83428516,83441643,274935711,276354763,276562122,276630556,276653526,276638856,276595127,276671290,276644945,276613842,276642068,372587371,373239915,373335807,373366965,373353943,373342070,373339122,373340039,373325362,373332321,373353903
2.0,72782674,77582892,79317112,80624771,81038139,81232280,81277975,81260900,81266512,81287172,81277265,84313700,85377553,85574427,85609750,85609402,85600525,85614258,85603672,85607105,85597756,85612986,114498136,115161253,115237597,115280045,115268380,115262431,115262200,115258187,115267880,115313232,115264170,73108894,77903654,79671168,80981794,81399102,81603924,81631982,81625159,81615243,81622660,81632523,253978449,257147407,257759380,257866238,257884039,257886573,257836576,257872133,257857725,257875861,257879137,344852733,346856788,347132673,347141117,347148792,347170817,347156115,347127027,347165199,347177742,347141518
2.5,61888488,67047101,69869313,71228875,71974308,72245883,72293714,72320988,72323551,72314015,72302975,77357056,79593273,80043371,80144815,80153723,80148786,80142190,80144260,80145030,80145615,80132758,106054353,107787213,108029557,108055401,108072033,108063291,108039583,108037971,108058976,108053886,108037837,62033703,67210099,70035136,71388639,72136418,72392439,72471233,72465202,72466120,72475386,72467412,233001904,239756381,241109516,241343453,241339745,241381910,241377869,241369410,241385869,241415284,241351094,319466724,324664526,325416299,325438650,325454003,325449120,325425823,325444913,325422061,325439017,325432580
3.0,56052567,60591829,65269224,66983058,67994948,68353860,68430492,68428369,68442831,68448919,68437430,69319811,73443515,74378740,74551867,74583950,74565476,74550594,74566482,74554609,74568179,74563172,95500937,99396733,100013927,100034491,100055038,100084878,100070870,100076409,100069528,100080546,100067568,56384646,60958325,65621402,67313260,68339287,68697026,68794507,68804547,68796675,68788406,68796205,208734297,221259487,224042933,224555985,224592195,224591363,224603553,224602549,224614162,224576023,224601410,287646962,299437802,301223321,301388585,301412764,301384364,301420408,301412498,301414704,301410200,301423675
3.5,49540296,58427397,62775887,64899843,66013151,66547429,66667924,66697897,66695242,66692178,66704377,62054528,69128414,70926134,71271324,71318643,71319874,71309843,71323923,71315245,71318878,71313661,86627130,94214507,95664532,95799964,95824592,95813498,95803241,95830929,95812681,95806135,95827634,49788669,58683979,63041907,65170736,66270712,66811333,66935218,66948458,66964585,66941233,66961971,186939637,208223857,213660262,214675802,214823764,214786266,214823352,214794597,214816553,214782553,214796610,260894076,283769556,288075443,288515454,288555926,288547413,288603733,288556408,288596818,288607837,288576550
4.0,44907854,53469875,57857748,61172290,62584514,63313637,63471710,63531620,63541876,63518719,63528331,51771444,61941288,65188954,65927023,66000963,66012336,65997082,66014568,66009818,66005038,66001841,72543123,85670923,88730462,89101980,89146249,89136654,89138406,89142810,89151134,89130019,89158936,45081143,53671746,58078170,61411749,62820268,63562666,63715901,63752830,63764216,63776500,63769600,155890507,186544478,196269696,198552369,198816688,198781691,198813653,198795708,198792111,198800259,198798028,218472687,258070487,267227995,268407816,268475981,268489597,268514209,268499340,268492624,268487524,268505273
4.5,34403295,43013949,50507627,54494322,56667968,57469941,57695203,57745935,57742479,57736884,57739402,42320819,56277578,61214507,62505457,62710012,62713004,62721819,62701499,62706393,62712943,62708995,58183535,77261867,83008052,83883363,83952350,83950439,83959879,83950682,83953231,83956176,83938752,34689985,43326396,50820176,54824583,56996631,57793572,58004904,58059815,58063658,58077564,58057073,127500305,169472013,184342287,188264876,188848065,188902846,188888563,188886150,188898211,188874104,188889824,175190903,232724317,250002315,252619165,252863012,252862744,252913975,252875043,252864989,252848629,252878010
5.0,30106506,40515469,47491081,52165604,54477571,55682857,55946863,56035983,56020999,56026452,56023998,31924754,48997570,56509152,58752467,59100253,59145944,59132127,59144060,59131068,59136774,59155799,42899566,67557596,77093917,78936286,79087479,79093963,79094823,79112611,79095552,79097454,79095072,30108078,40513849,47510110,52218176,54517712,55710473,55988362,56069014,56074894,56065993,56067453,96176334,147578936,170141281,176961268,177998038,178120827,178088670,178095678,178101212,178101688,178133069,129234797,203459951,232227199,237713053,238238285,238274357,238272388,238230907,238281971,238265322,238278498
5.5,25873121,36373820,43981874,49417425,52191730,53736326,54055587,54142557,54142132,54167128,54144804,22107482,40494297,51066628,54838870,55467855,55533468,55549035,55543970,55540369,55537273,55541904,29283656,57619973,71914846,75254819,75608527,75626809,75619861,75630112,75626626,75620927,75642441,26136290,36686258,44337939,49796599,52563678,54120033,54425244,54528760,54535652,54548742,54533308,66608096,121948548,153800945,165185585,167084205,167296461,167267169,167294412,167302759,167294064,167284781,88213115,173536741,216560148,226642429,227731624,227785792,227792319,227813086,227774323,227784943,227791811
6.0,18261636,29181049,38966629,44184666,47470207,49429612,49979817,50074705,50092432,50090366,50077630,14925367,33539899,46338096,51663148,52795415,52926721,52933756,52930371,52928252,52923651,52923598,17452884,45102753,64196142,69936784,70709347,70751637,70748337,70753904,70751363,70743341,70740562,18259381,29213292,39050882,44310781,47594873,49554618,50123968,50201356,50221655,50231792,50233308,44946332,101008164,139568472,155594632,158965824,159371929,159397028,159379069,159420715,159412555,159424924,52587853,135808365,193369552,210677957,212960828,213081106,213105232,213102871,213091941,213081826,213060663
6.5,14306740,23157949,32027117,40246541,44800137,46775076,47186661,47349769,47377841,47386714,47386187,8787780,25560852,40331004,48020437,49905503,50149893,50169310,50168213,50156218,50164894,50164642,9343881,33328965,56574378,65724780,67218937,67311677,67314246,67305544,67315702,67328098,67308999,14388955,23257524,32157234,40426907,44988332,46959100,47379831,47542854,47585211,47566738,47584266,26481228,76995042,121460954,144658034,150313711,151054385,151105369,151101436,151111286,151115440,151095037,28155002,100367627,170443228,197990290,202408364,202746090,202750601,202736163,202754006,202762775,202734901
7.0,11614273,21055348,29975707,37830660,42325011,45155317,45909388,46122932,46147987,46147690,46159359,4903818,18557465,34272383,44371936,47186803,47661407,47681337,47687568,47693412,47689042,47703037,4396799,23042074,48144320,60982981,63629802,63878116,63880252,63882010,63884296,63884218,63885530,11678294,21164335,30113617,37992707,42497227,45354992,46082347,46301804,46339093,46351692,46328534,14784783,55898606,103233056,133643119,142185335,143556225,143627517,143629288,143646327,143643373,143643609,13249233,69400769,145022109,183659557,191667276,192370151,192420550,192391629,192388588,192399472,192396137
7.5,8124829,16826050,25616870,32460183,37497347,40928644,42024822,42301011,42328427,42336041,42320174,2342075,12679751,28406717,40514983,44498244,45309793,45347867,45344854,45363577,45343242,45362590,1848309,14472154,39090285,55981373,60207565,60703751,60712874,60709624,60715558,60701212,60710308,8134500,16899114,25715566,32587894,37635099,41083064,42184761,42458812,42476837,42492575,42493208,7053370,38186839,85561571,122025283,134038966,136445366,136628599,136601573,136614734,136613326,136612534,5582614,43575779,117749975,168564786,181357630,182829034,182850896,182854341,182839523,182864692,182860665
8.0,6038214,12609600,21031271,29610847,36494479,40009046,41144041,41550524,41608009,41622671,41626332,1060334,8062825,21792602,35996468,41767170,42986845,43101297,43102414,43092483,43097707,43092800,630872,8191424,29881212,50017232,56812495,57714328,57753858,57754168,57764457,57756735,57767446,6058486,12665056,21147267,29728591,36660340,40213725,41305200,41734695,41802136,41803705,41805845,3196869,24285003,65638270,108421042,125789294,129497696,129790116,129800035,129790879,129788851,129812013,1906630,24684818,90024036,150647514,171106001,173851805,173966050,173957236,173955925,173956737,173970345
8.5,3468472,9719120,19083157,26322632,32452324,37015057,38725399,39031013,39117741,39133242,39124598,424928,4738101,16470647,30791884,38239612,40181186,40368265,40387274,40382932,40374510,40375468,205549,4307036,21821611,44309012,53963372,55494273,55578165,55568390,55563365,55569101,55567863,3470683,9756768,19165750,26432525,32586878,37189603,38883802,39207629,39286315,39291858,39288385,1283108,14283853,49634910,92763546,115163732,121055255,121584496,121616971,121609522,121609763,121619755,619195,12985232,65740828,133457303,162532249,167161145,167365804,167375180,167384337,167373347,167370778
9.0,2787931,8068731,15433606,24001534,30516294,35764583,37569926,38126443,38198169,38206656,38220978,144027,2574692,12065932,27560816,36745702,39617193,39903888,39919509,39935806,39917786,39922819,54017,1982481,14559630,36711639,49045493,51729955,51916725,51895642,51911206,51910593,51924208,2788386,8103001,15483907,24101857,30643029,35908081,37719512,38290635,38375955,38386018,38379605,433436,7751601,36356657,83030582,110675711,119327974,120215565,120241254,120233401,120241097,120258981,161613,5976475,43874441,110583577,147720180,155867488,156325420,156329379,156346664,156342925,156339591
9.5,1779071,5398674,11635541,20080741,28372632,33383108,35266570,35831604,35979286,35982268,35958841,50507,1303967,7853729,21715564,32468408,36294674,36784623,36800015,36798955,36791365,36798366,11963,808130,9024668,29728794,45274119,49384746,49682163,49678537,49687281,49683980,49690997,1780246,5407409,11676240,20148136,28471129,33514254,35388418,35970975,36098132,36112251,36112250,152055,3930102,23662130,65406825,97751384,109318917,110777701,110844537,110851668,110836278,110833157,36902,2437291,27197484,89526485,136367215,148724624,149617634,149629211,149642422,149645078,149644400
10.0,1017413,4137790,10693190,18682979,25721101,32134409,34490656,35392405,35586411,35594828,35606664,13116,603045,5202043,17786605,30261198,35602200,36414337,36457562,36458869,36446711,36452787,2251,309539,5298272,23899868,41524405,47740123,48292277,48318673,48307017,48301734,48307594,1015519,4140313,10723703,18745651,25831686,32265452,34640574,35534479,35711308,35743746,35745941,39469,1810945,15676361,53544998,91141158,107220079,109695771,109777820,109783731,109782924,109787166,7288,935623,15975961,71995423,125058708,143853366,145468252,145476293,145455999,145470540,145493574
10.5,720798,3126371,7981973,14212634,21329096,28321385,31624408,32524961,32689670,32693696,32700536,3189,245977,2945741,13794410,26135234,33110811,34249739,34305165,34315389,34307211,34300031,368,99879,2835742,16953690,36388841,44758327,45735343,45749946,45756792,45752799,45750815,722486,3132537,7991283,14255598,21407465,28434876,31736778,32645829,32821405,32824677,32825854,9892,740628,8895939,41531869,78719153,99689370,103154582,103323431,103320221,103337768,103331073,1076,300510,8550800,51077163,109604910,134809344,137726924,137795776,137813395,137803874,137806994
11.0,331656,1882969,5789896,12805349,19884592,27383152,30205425,31468714,31749596,31780484,31779869,809,100589,1696392,9862996,22515051,30883766,32648986,32745178,32753403,32764270,32749957,52,27823,1351951,11976674,31298642,42304274,43853944,43896191,43903811,43897494,43901455,330706,1887973,5811629,12852241,19964612,27488204,30326639,31594246,31882140,31905511,31910115,2270,304969,5119379,29701913,67805254,93038389,98334009,98650144,98654817,98641781,98637430,147,84810,4078759,36092846,94311097,127437574,132119139,132242174,132227758,132218424,132218831
11.5,162767,1306617,4231801,11128862,18062375,25970553,28691863,30334335,30648439,30699277,30698466,133,35335,858320,6860585,19122277,28789465,31291805,31467447,31472076,31479128,31474816,5,7254,582190,7763663,25842820,39496563,41955193,42054502,42055755,42054480,42051930,163044,1309799,4242851,11174870,18135114,26084223,28817724,30463530,30766699,30822815,30826745,419,106865,2591919,20681333,57608104,86715957,94245971,94788903,94780064,94804798,94812308,12,21805,1757353,23377097,77857886,118957595,126365240,126650592,126648851,126630231,126659102
12.0,133124,865339,3689931,8079797,14758700,22974218,27616540,28927785,29330462,29368754,29368031,27,11310,438881,4640673,15444535,26516693,29909600,30184315,30190966,30187450,30184704,1,1704,252266,4775517,20736295,36527377,40174605,40326602,40336269,40334703,40327548,132354,863441,3697549,8111434,14803558,23068061,27718934,29051652,29450183,29490629,29486205,71,34014,1327329,13985218,46542764,79873045,90057801,90900879,90931047,90910748,90926805,3,5240,757218,14382927,62426496,110044088,120974992,121471347,121465205,121457022,121458379
12.5,54580,502980,2045803,5889269,12210176,20635628,25836117,28398824,28949425,28999638,29010849,2,3230,201057,2971909,12005473,24368310,28775445,29159344,29177060,29186296,29188452,0,331,90385,2765170,15545036,33605388,38656741,38944692,38945014,38925797,38934543,55575,505280,2055029,5903489,12257335,20728770,25937438,28509490,29049119,29115220,29124135,7,9873,607896,8956300,36172739,73403917,86661481,87872053,87903870,87892359,87903763,0,960,272710,8317070,46812435,101221453,116417078,117259677,117258151,117262196,117282883
13.0,31524,336075,2152497,6626158,15847662,20093312,23443909,24616716,25173677,25215604,25222872,0,787,75784,1812263,10475025,21135106,26537859,27269533,27297099,27299220,27291477,0,57,27894,1438454,12423012,29225814,36291725,36822726,36831435,36833285,36836644,31439,336823,2155949,6648695,15905566,20167606,23540853,24694122,25262913,25317324,25319996,2,2426,230489,5470526,31566387,63660468,79949762,82141248,82201152,82204192,82205624,0,169,84710,4330632,37435152,88027685,109285334,110900273,110923856,110928392,110917734
13.5,10957,171363,965738,3567144,8710070,17171118,23184727,26503412,27289251,27399095,27405829,0,222,33707,1015238,6683961,19390868,26127863,27035532,27060799,27057665,27058803,0,9,9403,731033,7843327,26540504,35341976,36133886,36151156,36144233,36140434,11104,172569,971885,3580830,8741531,17244393,23281971,26611938,27395188,27510332,27513549,0,590,102066,3057479,20132439,58402395,78714112,81402010,81503723,81496175,81503142,0,14,28180,2202025,23631090,79915769,106470572,108862127,108845559,108872042,108860245
14.0,5864,121034,899671,3046437,7652209,15999855,22467168,24738364,25615458,25692539,25691382,0,49,11633,550953,4872927,16409775,24409117,25742486,25800463,25795942,25795367,0,1,2451,327011,5332962,22150656,33178158,34396512,34406432,34420080,34408901,5878,121182,903947,3057610,7683221,16058200,22570352,24842088,25713319,25786555,25790967,0,147,35781,1662822,14684903,49427545,73514876,77537585,77712618,77708849,77690984,0,2,7417,988493,16068036,66713320,99912617,103576504,103640325,103651349,103635644
14.5,1452,58201,466266,2635616,6683511,14755639,18928798,22541457,23482516,23727961,23729712,0,7,3611,281688,3389762,13655682,22805162,24720797,24809989,24812155,24812738,0,1,535,137660,3326756,18279824,31156118,33133748,33172473,33163920,33167593,1454,58663,468064,2645861,6715819,14820148,19017758,22630063,23587422,23813123,23822326,0,20,11017,849079,10208305,41147918,68686797,74453802,74725880,74727042,74730351,0,0,1629,414295,10028768,55053360,93820812,99796581,99898485,99886027,99912784
15.0,813,27313,327452,1962800,5461416,13141913,18625336,22330549,23608429,23835365,23853174,0,1,1234,135283,2204947,11476842,21444756,23891185,24038001,24027760,24024919,0,0,154,55717,1991199,14699958,29122215,31860023,31920336,31910925,31916073,848,27736,328315,1969352,5481583,13188389,18684930,22424843,23696766,23944335,23939190,0,5,3854,410944,6638471,34582647,64599327,71969842,72380433,72397045,72378420,0,0,400,168424,6007350,44266217,87696932,95945934,96127423,96111189,96107332
15.5,420,19055,251920,1173161,4152250,11347823,18467192,22323563,23459640,23593636,23603815,0,0,313,64888,1363488,9355334,19411098,22691869,22932267,22938871,22943783,0,0,36,19657,1118978,11182098,27135242,30841904,30944718,30944468,30942748,413,19260,253338,1180718,4168296,11389854,18548812,22410654,23541078,23690162,23688929,0,0,979,194809,4107342,28178888,58456154,68363919,69083879,69076315,69076686,0,0,72,59658,3372054,33692610,81709051,92900553,93214242,93203868,93199176
16.0,86,6767,116931,892700,3387515,8784914,14529092,17821885,19328105,19669190,19679653,0,0,95,25745,828265,6836616,17695204,21492720,21814252,21821256,21820394,0,0,7,7014,571093,8409436,23950689,29000380,29169191,29162756,29162710,66,6798,118459,898675,3400106,8823688,14602783,17913686,19419789,19754075,19776027,0,0,285,77947,2500968,20590820,53300244,64703198,65712874,65710471,65713289,0,0,12,20828,1726184,25312611,72112977,87331911,87850742,87838285,87860081
16.5,32,3035,83887,693469,3012116,9151038,14910187,19829479,22004424,22276054,22288168,0,0,20,10640,495857,5437150,16514992,21533753,22013950,22020853,22018605,0,0,2,2083,290979,6061186,22335109,29003349,29297489,29302267,29299666,46,3061,84628,697788,3028595,9184303,14960831,19898281,22094059,22353163,22364220,0,0,84,32291,1494018,16373661,49733156,64892565,66316417,66337082,66319086,0,0,1,6361,874307,18265799,67261672,87347996,88268343,88260521,88260721
17.0,5,1952,42439,401685,2007373,7529090,13185176,18142845,19862279,20238069,20270309,0,0,5,4229,256949,3951279,13841582,19411562,20078169,20086080,20086577,0,0,0,556,132754,4114433,19462583,27621833,28075160,28085954,28086822,6,2014,42761,404041,2017000,7549298,13239154,18217541,19939012,20317363,20356579,0,0,19,12690,773580,11903315,41681044,58448312,60486101,60487121,60495161,0,0,0,1692,401081,12401622,58645747,83191339,84579317,84587175,84591745
17.5,5,538,30522,263441,1537651,6414598,13332641,17203273,19380728,20076576,20116728,0,0,1,1401,134828,2779087,13043157,19801769,20771184,20784315,20781500,0,0,0,133,61572,2628868,16269956,25802559,26496367,26487118,26481491,0,550,31021,265345,1544054,6437105,13384517,17267735,19453510,20150695,20182686,0,0,1,4289,406220,8365289,39270991,59646429,62545485,62590748,62586682,0,0,0,526,184505,7917530,49006401,77724035,79757803,79771970,79749342
18.0,0,226,10386,194104,1269094,4527862,9824797,15460192,18514493,18989854,19026278,0,0,0,480,69687,1897993,10335223,18198101,19455653,19477624,19474501,0,0,0,32,23343,1581258,13592502,24882768,25961248,25966613,25972260,0,224,10686,195827,1274978,4547385,9868483,15519432,18602496,19064238,19113963,0,0,0,1424,209734,5725408,31127417,54784130,58600488,58648668,58648166,0,0,0,89,70257,4756245,40937016,74941925,78191538,78211194,78207142
18.5,0,110,7038,112032,851558,4588402,10939604,16476948,18903207,19549824,19599684,0,0,0,167,32102,1313955,9076877,17009266,18667940,18696231,18706198,0,0,0,11,8977,1011716,11146025,23480571,24985159,24988159,24994602,0,127,7255,112828,856744,4608291,10973167,16544481,18975234,19624169,19673910,0,0,0,464,95664,3958900,27326283,51238480,56233691,56312175,56328812,0,0,0,27,27044,3045997,33581564,70709942,75257262,75281111,75282266
19.0,0,24,3258,78725,636397,3800216,8416617,14134568,17050720,17655604,17733584,0,0,0,40,14608,809072,7204871,15996190,18156877,18196692,18190537,0,0,0,3,3129,540169,8779292,22227266,24332506,24350820,24346461,0,37,3154,79391,638483,3810987,8451244,14198059,17116016,17726643,17801680,0,0,0,152,43829,2441655,21696232,48184339,54666922,54812627,54795755,0,0,0,3,9553,1627840,26452497,66932437,73284356,73318688,73335108
19.5,0,9,1571,62842,561478,2873601,6277889,12097854,16119936,17286224,17305585,0,0,0,11,6687,485995,5707218,14725679,17541076,17619487,17613696,0,0,0,0,1079,296678,6546490,20561435,23519948,23541634,23548607,0,10,1558,63820,567104,2890296,6306145,12140013,16195149,17362730,17379038,0,0,0,34,19773,1464412,17181400,44373833,52843766,53065779,53072772,0,0,0,2,3299,893951,19712150,61909527,70815347,70903293,70898885
20.0,0,4,1074,24170,298539,2528254,7719595,12167031,15900501,17178666,17331702,0,0,0,2,2500,289491,4767460,13894276,17231080,17335109,17338270,0,0,0,1,304,153548,5019274,19100915,22777811,22826087,22818568,0,7,1063,24403,300611,2535745,7745427,12217745,15965285,17234137,17397764,0,0,0,5,7262,869304,14376924,41855890,51905149,52211694,52199009,0,0,0,1,983,460736,15129651,57504626,68616096,68740261,68723693
20.5,0,0,359,17465,211627,2010839,5929637,11758272,14816016,15501282,15553118,0,0,0,0,879,174026,3362572,11762944,15819448,15987240,15988169,0,0,0,0,94,75142,3589044,17360613,21997714,22079131,22072647,0,2,355,17921,213807,2020610,5951139,11786284,14863225,15557738,15607879,0,0,0,1,2821,526991,10130731,35445536,47649387,48153778,48158257,0,0,0,0,282,225512,10810428,52299802,66252640,66484854,66483736
21.0,0,0,134,8639,144019,1573913,4986511,10663223,14431053,16016041,16228774,0,0,0,0,352,93001,2620242,11153808,16057744,16301571,16307688,0,0,0,0,29,32934,2390704,15426273,21352192,21480915,21470685,0,1,117,8616,144729,1578898,5007284,10699705,14493355,16075468,16297526,0,0,0,0,1057,280345,7886490,33582734,48370692,49088392,49098939,0,0,0,0,91,98768,7200210,46472830,64297709,64687682,64684944
21.5,0,0,46,4507,108751,1051924,3972197,7917596,13331764,14916205,15015971,0,0,0,0,110,44538,1923135,10207853,15607957,15881582,15876846,0,0,0,0,9,15021,1597009,13502741,20548759,20733769,20738700,0,0,64,4414,109729,1056940,3989229,7954052,13390671,14976049,15067652,0,0,0,0,346,133384,5793293,30753112,47010199,47818984,47822461,0,0,0,0,27,44497,4810370,40656863,61875069,62445396,62454539
22.0,0,0,36,2470,60602,966118,3423456,10099973,13893855,15096130,15399130,0,0,0,0,39,27209,1233483,8171518,14393487,14844192,14844730,0,0,0,0,1,5861,998709,11646001,19948158,20262206,20265880,0,0,43,2543,60950,969518,3438760,10134773,13940316,15162907,15455225,0,0,0,0,107,81674,3711647,24611205,43348038,44709735,44711488,0,0,0,0,2,17704,3006281,35092149,60090209,61033680,61049589
22.5,0,0,16,1334,41842,573716,3545354,7771828,10788249,13784729,13850451,0,0,0,0,8,12169,967321,7653269,14262341,14833975,14838542,0,0,0,0,1,2532,635532,9883195,18899845,19314619,19320055,0,0,17,1322,42526,575366,3556002,7791917,10839297,13837215,13904185,0,0,0,0,44,36617,2915542,23044793,42967527,44671563,44678139,0,0,0,0,1,7388,1916550,29766298,56944869,58166422,58168885
23.0,0,0,3,807,24742,575753,3079119,6613902,13769026,14756428,15259508,0,0,0,0,0,5417,585350,6147720,13452708,14318344,14321708,0,0,0,0,1,794,392997,8440943,18844625,19486005,19481078,0,0,4,810,24682,579171,3090541,6633659,13832165,14811066,15320427,0,0,0,0,6,16027,1764466,18513849,40527606,43146855,43140221,0,0,0,0,0,2490,1185138,25428774,56736864,58674698,58672135
23.5,0,0,0,404,15947,287966,2358523,6771561,11142945,14081341,14182183,0,0,0,0,1,2506,410357,5130998,12889297,13920890,13921690,0,0,0,0,0,298,202662,6600702,17732129,18651084,18653224,0,0,0,424,15797,290230,2369299,6801956,11181603,14140403,14243041,0,0,0,0,0,7669,1232773,15439138,38855810,41933317,41948891,0,0,0,0,0,826,611547,19884402,53390441,56176902,56193674
24.0,0,0,0,331,9296,337016,1652353,7011104,10039266,12188415,12877827,0,0,0,0,0,1188,230107,4079864,12332929,13527980,13536045,0,0,0,0,0,100,107682,5028582,16795150,17935291,17930559,0,0,1,307,9610,338492,1660912,7034155,10088649,12240652,12935097,0,0,0,0,1,3524,694240,12296507,37153709,40743279,40764794,0,0,0,0,0,317,323097,15155821,50599304,54017102,54023818
24.5,0,0,1,58,5578,239053,603762,5403690,12925273,15356907,15355057,0,0,0,0,0,441,125185,3190927,11659894,13202740,13216813,0,0,0,0,0,28,56650,3645565,15617735,17573572,17586481,0,0,0,70,5572,240675,607550,5423636,12974570,15417872,15418066,0,0,0,0,0,1396,377784,9618956,35103517,39754330,39811581,0,0,0,0,0,81,170365,10975939,47047122,52932840,52936288
25.0,0,0,0,25,3272,167859,1506195,1505376,6164819,11404114,12497120,0,0,0,0,0,126,107463,2385908,10893346,13137169,13149997,0,0,0,0,0,15,35667,3076460,15543806,17432395,17438530,0,0,0,21,3452,168710,1511678,1512331,6190286,11440180,12548357,0,0,0,0,0,397,322337,7185623,32794899,39559153,39605083,0,0,0,0,0,34,106562,9266322,46840886,52511298,52521035
25.5,0,0,0,9,1935,115401,1164042,5390290,8201945,8204932,8208409,0,0,0,0,0,83,40226,1844499,10228521,13116987,13163427,0,0,0,0,0,4,12750,2207213,12591635,14907221,14930223,0,0,0,9,1952,116591,1171109,5413882,8234267,8240604,8238619,0,0,0,0,0,240,121456,5553677,30795129,39524368,39650409,0,0,0,0,0,9,37828,6651694,37904022,44933935,44957532
26.0,0,0,0,10,1079,78056,888453,4544675,11840113,17697357,19176371,0,0,0,0,0,23,33531,2002564,8083744,9781598,9805540,0,0,0,0,0,3,5818,1537907,14732881,19213849,19223669,0,0,0,5,1066,78510,890670,4559721,11889100,17768515,19247720,0,0,0,0,0,66,100751,6037054,24361072,29438576,29540281,0,0,0,0,0,0,17544,4625498,44377247,57854863,57899333
26.5,0,0,0,2,598,52194,663730,3782525,6197223,6196108,6199698,0,0,0,0,0,8,11717,935002,8563483,12463291,12553148,0,0,0,0,0,1,2777,1035104,10167746,13902522,13918432,0,0,0,0,597,52488,666061,3796352,6224774,6226175,6226459,0,0,0,0,0,28,34649,2818377,25795812,37523446,37817582,0,0,0,0,0,0,8313,3120898,30628383,41863764,41956722
27.0,0,0,0,0,325,33798,490221,490331,5069635,11512028,13431217,0,0,0,0,0,2,9098,686455,7855023,12178914,12240422,0,0,0,0,0,0,1434,667944,11591717,15946238,15987473,0,0,0,1,361,34071,492466,492659,5095585,11553981,13477809,0,0,0,0,0,9,26865,2070606,23643595,36669170,36861668,0,0,0,0,0,0,4237,2015465,34897898,48021018,48139697
27.5,0,0,0,0,172,21716,74378,2685109,9302247,12426058,12432656,0,0,0,0,0,0,2793,499813,7059550,11123173,11288899,0,0,0,0,0,0,389,354641,8556533,15014264,15078846,0,0,0,0,191,21867,74335,2695613,9335917,12484225,12482982,0,0,0,0,0,4,8509,1507166,21278770,33504242,34010848,0,0,0,0,0,0,1166,1069319,25781718,45217885,45403769
28.0,0,0,0,1,79,13744,293568,2444976,4387979,8189351,10115173,0,0,0,0,0,0,1644,353459,6259135,10977933,11126151,0,0,0,0,0,0,159,260061,8044641,14407102,14504179,0,0,0,0,116,13668,295401,2455813,4402165,8217769,10153114,0,0,0,0,0,1,5097,1063875,18841391,33065325,33518550,0,0,0,0,0,0,477,784478,24221587,43393900,43695824
28.5,0,0,0,0,47,4042,242292,1386474,5589617,10311657,10834428,0,0,0,0,0,0,934,241209,5158747,10384912,10669209,0,0,0,0,0,0,55,163028,6984690,14349440,14504109,0,0,0,1,47,4084,243263,1391871,5605095,10355833,10881916,0,0,0,0,0,0,2850,727445,15545030,31281813,32137388,0,0,0,0,0,0,209,491454,21040491,43237776,43674047
29.0,0,0,0,0,15,5388,172417,883090,6480819,9102764,10884530,0,0,0,0,0,0,326,163559,4188421,9969754,10249899,0,0,0,0,0,0,16,93805,5692894,13683535,13896490,0,0,0,0,22,5425,175032,885669,6504565,9137502,10920873,0,0,0,0,0,1,1056,493462,12605623,30011525,30871609,0,0,0,0,0,0,83,281856,17151804,41207661,41857346
29.5,0,0,0,0,15,4684,120533,1385113,2831285,9121693,10419070,0,0,0,0,0,0,173,100561,3800501,9853116,10309988,0,0,0,0,0,0,5,51979,4935818,13604999,13904854,0,0,0,0,12,4573,121502,1393673,2843892,9157738,10458369,0,0,0,0,0,0,563,303331,11451883,29658582,31035060,0,0,0,0,0,0,22,156252,14864346,40967636,41888155
30.0,0,0,0,0,3,2733,45237,1121973,4690312,7543881,9625947,0,0,0,0,0,0,40,56015,3331696,9921404,10451876,0,0,0,0,0,0,5,24693,3574219,12458588,12891834,0,0,0,0,3,2720,45315,1127487,4709496,7570701,9668826,0,0,0,0,0,0,160,168467,10036343,29905155,31468389,0,0,0,0,0,0,6,74618,10775792,37528819,38855327
30.5,0,0,0,0,3,1470,51758,349311,3499443,8322446,9837686,0,0,0,0,0,0,19,39719,2609070,8680604,9433654,0,0,0,0,0,0,0,13654,3075187,12747391,13340155,0,0,0,0,3,1468,52013,350791,3514910,8362865,9878564,0,0,0,0,0,0,95,118818,7847822,26142684,28409108,0,0,0,0,0,0,2,40938,9242640,38400036,40169242
31.0,0,0,0,0,0,1000,43027,680165,2934955,7369407,9946023,0,0,0,0,0,0,11,19159,1939097,8548528,9344287,0,0,0,0,0,0,0,7009,2317040,12146096,12907490,0,0,0,0,0,962,44004,684052,2942120,7395473,9981380,0,0,0,0,0,0,34,58491,5833904,25745116,28142593,0,0,0,0,0,0,0,21606,6973819,36578850,38885847
31.5,0,0,0,0,0,542,31574,572344,3381156,6648495,8129384,0,0,0,0,0,0,1,10591,1759150,8691271,9880036,0,0,0,0,0,0,0,3569,1666568,10846718,11901134,0,0,0,0,0,543,31794,573733,3397505,6679833,8168063,0,0,0,0,0,0,19,32625,5302309,26191429,29784949,0,0,0,0,0,0,0,10468,5021696,32669760,35853788
32.0,0,0,0,0,0,265,21923,267249,1695325,6040696,9390399,0,0,0,0,0,0,2,6342,1249849,7517557,8756992,0,0,0,0,0,0,0,1560,1364413,10920711,12268554,0,0,0,0,0,295,21969,269488,1704117,6061751,9436930,0,0,0,0,0,0,5,19649,3761620,22637845,26378347,0,0,0,0,0,0,0,4926,4115044,32888512,36937942
32.5,0,0,0,0,0,134,6551,297548,2741195,8809270,9836710,0,0,0,0,0,0,0,3507,955115,7689569,9127239,0,0,0,0,0,0,0,642,849292,10391511,11980419,0,0,0,0,0,152,6628,298784,2750355,8843069,9866707,0,0,0,0,0,0,0,10759,2873013,23165644,27497483,0,0,0,0,0,0,0,1896,2553605,31287334,36083686
33.0,0,0,0,0,0,81,8736,269794,1659549,4552510,7414800,0,0,0,0,0,0,1,1824,791896,6768186,8636908,0,0,0,0,0,0,0,291,647312,9441272,11541945,0,0,0,0,0,63,8911,271897,1670705,4576788,7446893,0,0,0,0,0,0,1,5421,2389253,20376959,26007568,0,0,0,0,0,0,0,969,1950829,28435056,34763743
33.5,0,0,0,0,0,53,7541,216001,1784569,6143778,9064819,0,0,0,0,0,0,0,1014,545293,6409322,8588279,0,0,0,0,0,0,0,158,458596,8778967,11287562,0,0,0,0,0,50,7684,219377,1789075,6160530,9096458,0,0,0,0,0,0,1,2920,1642110,19298205,25858795,0,0,0,0,0,0,0,423,1379833,26425183,34002422
34.0,0,0,0,0,0,7,4131,94173,1768625,4445697,7002224,0,0,0,0,0,0,0,464,365184,5945560,8383188,0,0,0,0,0,0,0,67,273029,8105014,11144769,0,0,0,0,0,13,4276,94479,1773743,4467021,7034487,0,0,0,0,0,0,0,1491,1101178,17906387,25252170,0,0,0,0,0,0,0,160,824110,24416106,33560647
34.5,0,0,0,0,0,15,2763,102275,992252,6277165,10288162,0,0,0,0,0,0,0,229,260140,4898275,7594658,0,0,0,0,0,0,0,20,215407,7943283,11118346,0,0,0,0,0,17,2880,102873,995364,6299867,10318308,0,0,0,0,0,0,0,784,780195,14761765,22871712,0,0,0,0,0,0,0,59,650766,23926454,33486363
35.0,0,0,0,0,0,10,648,91060,1122770,3222518,6003577,0,0,0,0,0,0,0,87,215537,5294753,8474743,0,0,0,0,0,0,0,2,109256,6269500,10424414,0,0,0,0,0,5,774,91307,1127269,3239150,6022778,0,0,0,0,0,0,0,261,649702,15940109,25539911,0,0,0,0,0,0,0,18,328060,18881972,31393732
35.5,0,0,0,0,0,2,1305,34645,603201,4703874,7163327,0,0,0,0,0,0,0,43,133052,4068442,7468790,0,0,0,0,0,0,0,3,72283,5751369,10258511,0,0,0,0,0,3,1268,35133,605683,4718556,7193142,0,0,0,0,0,0,0,111,404111,12253921,22497703,0,0,0,0,0,0,0,7,219450,17327002,30896903
36.0,0,0,0,0,0,3,601,47847,1072411,4304517,9346181,0,0,0,0,0,0,0,22,95961,4129267,7758640,0,0,0,0,0,0,0,1,48656,5149004,10406626,0,0,0,0,0,1,657,48145,1076917,4330460,9382996,0,0,0,0,0,0,0,59,289647,12441093,23368942,0,0,0,0,0,0,0,2,147720,15504806,31338841
36.5,0,0,0,0,0,0,463,44162,676203,3070478,5768959,0,0,0,0,0,0,0,5,50903,3368256,7797084,0,0,0,0,0,0,0,0,24565,4548881,9988185,0,0,0,0,0,1,438,44296,677446,3081646,5785872,0,0,0,0,0,0,0,24,153983,10146444,23488820,0,0,0,0,0,0,0,2,74083,13701592,30070429
37.0,0,0,0,0,0,0,256,26357,345557,3190967,7207900,0,0,0,0,0,0,0,2,39749,3079626,7320258,0,0,0,0,0,0,0,0,15214,3789222,9752433,0,0,0,0,0,0,263,26757,346199,3210843,7245287,0,0,0,0,0,0,0,14,119924,9283967,22041787,0,0,0,0,0,0,0,0,46351,11401318,29380795
37.5,0,0,0,0,0,0,42,9544,451289,3951421,7082999,0,0,0,0,0,0,0,1,23232,2440363,6905870,0,0,0,0,0,0,0,0,7581,3094936,9661085,0,0,0,0,0,0,40,9348,453074,3966122,7110960,0,0,0,0,0,0,0,1,69781,7351948,20812859,0,0,0,0,0,0,0,0,22713,9321711,29081726
38.0,0,0,0,0,0,0,118,11876,528313,2234451,6706825,0,0,0,0,0,0,0,1,16044,2241593,6999115,0,0,0,0,0,0,0,0,4360,2555136,9381181,0,0,0,0,0,0,103,12094,530016,2245446,6738190,0,0,0,0,0,0,0,2,48398,6744260,21064229,0,0,0,0,0,0,0,0,13355,7697309,28261624
38.5,0,0,0,0,0,0,48,11122,176664,2614483,6807598,0,0,0,0,0,0,0,1,9239,1702766,6805943,0,0,0,0,0,0,0,0,2583,2045874,9624220,0,0,0,0,0,0,65,11544,177488,2625578,6838343,0,0,0,0,0,0,0,1,27907,5131562,20495058,0,0,0,0,0,0,0,0,7570,6165871,28995879
39.0,0,0,0,0,0,0,25,2342,244386,1689023,6291031,0,0,0,0,0,0,0,0,3916,1473916,7053248,0,0,0,0,0,0,0,0,1057,1968324,8036299,0,0,0,0,0,0,30,2173,245497,1698233,6318766,0,0,0,0,0,0,0,0,11813,4438110,21242672,0,0,0,0,0,0,0,0,3349,5926371,24201810
39.5,0,0,0,0,0,0,25,5803,117478,2210468,6634235,0,0,0,0,0,0,0,0,3492,1151759,6452727,0,0,0,0,0,0,0,0,621,1238718,9330976,0,0,0,0,0,0,11,5818,118208,2217505,6662060,0,0,0,0,0,0,0,0,10447,3461920,19428190,0,0,0,0,0,0,0,0,1831,3728141,28089402
40.0,0,0,0,0,0,0,7,2632,241502,1446324,6086712,0,0,0,0,0,0,0,0,1879,1036330,6346663,0,0,0,0,0,0,0,0,246,970123,8505483,0,0,0,0,0,0,9,2694,242908,1452352,6113193,0,0,0,0,0,0,0,0,5824,3120898,19111636,0,0,0,0,0,0,0,0,733,2914485,25621990
40.5,0,0,0,0,0,0,0,857,124421,2174836,5481741,0,0,0,0,0,0,0,0,884,742039,5994235,0,0,0,0,0,0,0,0,114,734653,8475242,0,0,0,0,0,0,2,917,124487,2181016,5500960,0,0,0,0,0,0,0,0,2645,2233192,18054421,0,0,0,0,0,0,0,0,347,2214972,25532629
41.0,0,0,0,0,0,0,2,1823,53078,1302650,5559111,0,0,0,0,0,0,0,0,571,655201,5928554,0,0,0,0,0,0,0,0,75,552369,8045680,0,0,0,0,0,0,3,1810,53554,1309426,5579783,0,0,0,0,0,0,0,0,1610,1967422,17857955,0,0,0,0,0,0,0,0,177,1663067,24222308
41.5,0,0,0,0,0,0,4,1148,88537,1206345,4304204,0,0,0,0,0,0,0,0,213,459919,5991829,0,0,0,0,0,0,0,0,18,406663,7751372,0,0,0,0,0,0,2,1115,89010,1211523,4324474,0,0,0,0,0,0,0,0,653,1384462,18056311,0,0,0,0,0,0,0,0,66,1230488,23347816
42.0,0,0,0,0,0,0,0,476,38910,1029084,5361375,0,0,0,0,0,0,0,0,144,352104,5216773,0,0,0,0,0,0,0,0,12,280639,7578836,0,0,0,0,0,0,2,514,39166,1033149,5385515,0,0,0,0,0,0,0,0,453,1060929,15726200,0,0,0,0,0,0,0,0,34,844416,22819645
42.5,0,0,0,0,0,0,0,157,67664,1436460,6135756,0,0,0,0,0,0,0,0,74,269817,5746062,0,0,0,0,0,0,0,0,4,195487,7530411,0,0,0,0,0,0,1,154,67801,1441169,6159346,0,0,0,0,0,0,0,0,246,812810,17305951,0,0,0,0,0,0,0,0,11,588648,22676208
43.0,0,0,0,0,0,0,0,309,39297,357704,3069757,0,0,0,0,0,0,0,0,32,228912,5256301,0,0,0,0,0,0,0,0,1,134743,7581704,0,0,0,0,0,0,0,316,39559,357220,3086914,0,0,0,0,0,0,0,0,112,686430,15826357,0,0,0,0,0,0,0,0,4,405384,22842167
43.5,0,0,0,0,0,0,0,149,15831,1158241,7254147,0,0,0,0,0,0,0,0,20,114809,5040597,0,0,0,0,0,0,0,0,1,98834,6517221,0,0,0,0,0,0,0,143,16229,1162915,7281541,0,0,0,0,0,0,0,0,56,344299,15173144,0,0,0,0,0,0,0,0,3,296617,19623104
44.0,0,0,0,0,0,0,0,48,28831,294339,2808205,0,0,0,0,0,0,0,0,5,121858,4543263,0,0,0,0,0,0,0,0,0,58020,6156511,0,0,0,0,0,0,0,33,29203,294525,2818152,0,0,0,0,0,0,0,0,17,365005,13657412,0,0,0,0,0,0,0,0,0,173721,18542900
44.5,0,0,0,0,0,0,0,73,15875,816457,4963748,0,0,0,0,0,0,0,0,4,62694,4477806,0,0,0,0,0,0,0,0,1,37428,6336230,0,0,0,0,0,0,0,91,16163,823395,4987546,0,0,0,0,0,0,0,0,18,187082,13502262,0,0,0,0,0,0,0,0,0,113550,19081550
45.0,0,0,0,0,0,0,0,44,5938,196785,4274114,0,0,0,0,0,0,0,0,0,58092,4203818,0,0,0,0,0,0,0,0,0,23505,5577925,0,0,0,0,0,0,0,36,5932,196649,4284999,0,0,0,0,0,0,0,0,6,174658,12665028,0,0,0,0,0,0,0,0,1,70901,16812444
45.5,0,0,0,0,0,0,0,18,11485,718848,1976641,0,0,0,0,0,0,0,0,0,37763,3680334,0,0,0,0,0,0,0,0,0,15283,5350204,0,0,0,0,0,0,0,23,11224,723195,1988934,0,0,0,0,0,0,0,0,1,113963,11081079,0,0,0,0,0,0,0,0,0,45572,16103699
46.0,0,0,0,0,0,0,0,3,1042,354494,5315243,0,0,0,0,0,0,0,0,1,21023,3809455,0,0,0,0,0,0,0,0,0,8596,4899093,0,0,0,0,0,0,0,2,955,357160,5328101,0,0,0,0,0,0,0,0,1,62905,11468720,0,0,0,0,0,0,0,0,0,26118,14757569
46.5,0,0,0,0,0,0,0,6,6989,219688,2811633,0,0,0,0,0,0,0,0,0,15562,3570560,0,0,0,0,0,0,0,0,0,5206,4815400,0,0,0,0,0,0,0,9,6879,220707,2821741,0,0,0,0,0,0,0,0,1,46067,10744279,0,0,0,0,0,0,0,0,0,15553,14503843
47.0,0,0,0,0,0,0,0,5,3165,263181,3236872,0,0,0,0,0,0,0,0,0,9257,3039594,0,0,0,0,0,0,0,0,0,2980,4005425,0,0,0,0,0,0,0,4,3081,265613,3246037,0,0,0,0,0,0,0,0,0,28094,9151954,0,0,0,0,0,0,0,0,0,9197,12065926
47.5,0,0,0,0,0,0,0,0,1190,167716,4132246,0,0,0,0,0,0,0,0,0,6337,2854079,0,0,0,0,0,0,0,0,0,1657,3684902,0,0,0,0,0,0,0,0,1146,168359,4152168,0,0,0,0,0,0,0,0,0,18763,8590777,0,0,0,0,0,0,0,0,0,5092,11096842
48.0,0,0,0,0,0,0,0,5,2356,171882,1093572,0,0,0,0,0,0,0,0,0,3860,2364315,0,0,0,0,0,0,0,0,0,991,3254646,0,0,0,0,0,0,0,2,2344,173716,1098625,0,0,0,0,0,0,0,0,2,11713,7120064,0,0,0,0,0,0,0,0,0,2884,9801175
48.5,0,0,0,0,0,0,0,0,33,116815,4671066,0,0,0,0,0,0,0,0,0,2409,2320986,0,0,0,0,0,0,0,0,0,500,3038707,0,0,0,0,0,0,0,0,28,117953,4685431,0,0,0,0,0,0,0,0,0,7309,6994230,0,0,0,0,0,0,0,0,0,1524,9151601
49.0,0,0,0,0,0,0,0,0,1338,168434,1673294,0,0,0,0,0,0,0,0,0,1500,2466407,0,0,0,0,0,0,0,0,0,253,2640789,0,0,0,0,0,0,0,0,1312,169489,1681596,0,0,0,0,0,0,0,0,0,4511,7427132,0,0,0,0,0,0,0,0,0,808,7955500
49.5,0,0,0,0,0,0,0,0,711,28296,4219799,0,0,0,0,0,0,0,0,0,1048,1768817,0,0,0,0,0,0,0,0,0,131,2112383,0,0,0,0,0,0,0,0,745,28932,4233646,0,0,0,0,0,0,0,0,0,3025,5328092,0,0,0,0,0,0,0,0,0,442,6363220
50.0,0,0,0,0,0,0,0,0,4,127737,1314763,0,0,0,0,0,0,0,0,0,425,1372652,0,0,0,0,0,0,0,0,0,67,2119552,0,0,0,0,0,0,0,0,11,128699,1319393,0,0,0,0,0,0,0,0,0,1254,4133159,0,0,0,0,0,0,0,0,0,268,6387082
50.5,0,0,0,0,0,0,0,1,423,5563,5632,0,0,0,0,0,0,0,0,0,367,1144486,0,0,0,0,0,0,0,0,0,35,1103966,0,0,0,0,0,0,0,0,382,5520,5529,0,0,0,0,0,0,0,0,0,1199,3444783,0,0,0,0,0,0,0,0,0,124,3324866
51.0,0,0,0,0,0,0,0,0,204,88151,4772432,0,0,0,0,0,0,0,0,0,119,1874019,0,0,0,0,0,0,0,0,0,15,1623588,0,0,0,0,0,0,0,0,198,88753,4793651,0,0,0,0,0,0,0,0,0,303,5643467,0,0,0,0,0,0,0,0,0,60,4885617
51.5,0,0,0,0,0,0,0,1,3,0,1,0,0,0,0,0,0,0,0,0,122,841614,0,0,0,0,0,0,0,0,0,7,1284316,0,0,0,0,0,0,0,0,0,1,4,0,0,0,0,0,0,0,0,0,378,2533566,0,0,0,0,0,0,0,0,0,22,3872352
52.0,0,0,0,0,0,0,0,0,106,57407,4061377,0,0,0,0,0,0,0,0,0,43,696210,0,0,0,0,0,0,0,0,0,5,530141,0,0,0,0,0,0,0,0,102,58145,4077204,0,0,0,0,0,0,0,0,0,91,2099604,0,0,0,0,0,0,0,0,0,14,1598076
52.5,0,0,0,0,0,0,0,0,1,1,0,0,0,0,0,0,0,0,0,0,41,622935,0,0,0,0,0,0,0,0,0,0,870017,0,0,0,0,0,0,0,0,0,0,0,0,0,0,0,0,0,0,0,0,110,1875071,0,0,0,0,0,0,0,0,0,6,2620090
53.0,0,0,0,0,0,0,0,0,35,36079,3389499,0,0,0,0,0,0,0,0,0,11,954444,0,0,0,0,0,0,0,0,0,0,650486,0,0,0,0,0,0,0,0,40,36551,3400445,0,0,0,0,0,0,0,0,0,34,2874171,0,0,0,0,0,0,0,0,0,1,1965700
53.5,0,0,0,0,0,0,0,0,22,521,539,0,0,0,0,0,0,0,0,0,8,381201,0,0,0,0,0,0,0,0,0,0,271425,0,0,0,0,0,0,0,0,23,524,485,0,0,0,0,0,0,0,0,0,27,1148003,0,0,0,0,0,0,0,0,0,1,816948
54.0,0,0,0,0,0,0,0,0,0,22094,390833,0,0,0,0,0,0,0,0,0,1,327277,0,0,0,0,0,0,0,0,0,0,394838,0,0,0,0,0,0,0,0,0,22094,390954,0,0,0,0,0,0,0,0,0,8,983546,0,0,0,0,0,0,0,0,0,0,1190873
54.5,0,0,0,0,0,0,0,0,10,1079,2385283,0,0,0,0,0,0,0,0,0,2,291562,0,0,0,0,0,0,0,0,0,0,208899,0,0,0,0,0,0,0,0,5,1107,2395445,0,0,0,0,0,0,0,0,0,4,879111,0,0,0,0,0,0,0,0,0,0,630549
55.0,0,0,0,0,0,0,0,0,7,12349,110172,0,0,0,0,0,0,0,0,0,1,309465,0,0,0,0,0,0,0,0,0,0,194519,0,0,0,0,0,0,0,0,5,12354,110443,0,0,0,0,0,0,0,0,0,0,934148,0,0,0,0,0,0,0,0,0,0,585333
55.5,0,0,0,0,0,0,0,0,0,2272,2114982,0,0,0,0,0,0,0,0,0,0,223856,0,0,0,0,0,0,0,0,0,0,159060,0,0,0,0,0,0,0,0,0,2270,2123741,0,0,0,0,0,0,0,0,0,3,671453,0,0,0,0,0,0,0,0,0,0,481257
56.0,0,0,0,0,0,0,0,0,1,5737,70053,0,0,0,0,0,0,0,0,0,0,126195,0,0,0,0,0,0,0,0,0,0,77459,0,0,0,0,0,0,0,0,2,5711,70814,0,0,0,0,0,0,0,0,0,0,380535,0,0,0,0,0,0,0,0,0,0,233087
56.5,0,0,0,0,0,0,0,0,0,1243,843451,0,0,0,0,0,0,0,0,0,0,108565,0,0,0,0,0,0,0,0,0,0,75177,0,0,0,0,0,0,0,0,0,1201,847896,0,0,0,0,0,0,0,0,0,0,325469,0,0,0,0,0,0,0,0,0,0,225349
57.0,0,0,0,0,0,0,0,0,1,3432,877527,0,0,0,0,0,0,0,0,0,0,85995,0,0,0,0,0,0,0,0,0,0,43946,0,0,0,0,0,0,0,0,1,3403,879211,0,0,0,0,0,0,0,0,0,0,257499,0,0,0,0,0,0,0,0,0,0,132718
57.5,0,0,0,0,0,0,0,0,0,584,256348,0,0,0,0,0,0,0,0,0,0,71580,0,0,0,0,0,0,0,0,0,0,35628,0,0,0,0,0,0,0,0,0,612,257927,0,0,0,0,0,0,0,0,0,0,218105,0,0,0,0,0,0,0,0,0,0,107711
58.0,0,0,0,0,0,0,0,0,0,1887,1066993,0,0,0,0,0,0,0,0,0,0,61737,0,0,0,0,0,0,0,0,0,0,24065,0,0,0,0,0,0,0,0,0,1971,1073871,0,0,0,0,0,0,0,0,0,0,185440,0,0,0,0,0,0,0,0,0,0,72661
58.5,0,0,0,0,0,0,0,0,0,1310,53549,0,0,0,0,0,0,0,0,0,0,31117,0,0,0,0,0,0,0,0,0,0,13218,0,0,0,0,0,0,0,0,0,1331,53458,0,0,0,0,0,0,0,0,0,0,93423,0,0,0,0,0,0,0,0,0,0,40249
59.0,0,0,0,0,0,0,0,0,0,34,402989,0,0,0,0,0,0,0,0,0,0,24456,0,0,0,0,0,0,0,0,0,0,9725,0,0,0,0,0,0,0,0,0,29,404906,0,0,0,0,0,0,0,0,0,0,73799,0,0,0,0,0,0,0,0,0,0,29065
59.5,0,0,0,0,0,0,0,0,0,666,573732,0,0,0,0,0,0,0,0,0,0,19697,0,0,0,0,0,0,0,0,0,0,7260,0,0,0,0,0,0,0,0,0,689,577660,0,0,0,0,0,0,0,0,0,0,59418,0,0,0,0,0,0,0,0,0,0,21842
60.0,0,0,0,0,0,0,0,0,0,16,88325,0,0,0,0,0,0,0,0,0,0,11513,0,0,0,0,0,0,0,0,0,0,2841,0,0,0,0,0,0,0,0,0,12,88530,0,0,0,0,0,0,0,0,0,0,34957,0,0,0,0,0,0,0,0,0,0,8353
60.5,0,0,0,0,0,0,0,0,0,378,631907,0,0,0,0,0,0,0,0,0,0,12489,0,0,0,0,0,0,0,0,0,0,3001,0,0,0,0,0,0,0,0,0,372,633823,0,0,0,0,0,0,0,0,0,0,37347,0,0,0,0,0,0,0,0,0,0,8878
61.0,0,0,0,0,0,0,0,0,0,6,58593,0,0,0,0,0,0,0,0,0,0,5639,0,0,0,0,0,0,0,0,0,0,1340,0,0,0,0,0,0,0,0,0,3,58741,0,0,0,0,0,0,0,0,0,0,16846,0,0,0,0,0,0,0,0,0,0,3942
61.5,0,0,0,0,0,0,0,0,0,187,143271,0,0,0,0,0,0,0,0,0,0,4606,0,0,0,0,0,0,0,0,0,0,1078,0,0,0,0,0,0,0,0,0,176,144377,0,0,0,0,0,0,0,0,0,0,13591,0,0,0,0,0,0,0,0,0,0,3096
62.0,0,0,0,0,0,0,0,0,0,16,352575,0,0,0,0,0,0,0,0,0,0,2421,0,0,0,0,0,0,0,0,0,0,631,0,0,0,0,0,0,0,0,0,21,354624,0,0,0,0,0,0,0,0,0,0,7582,0,0,0,0,0,0,0,0,0,0,1713
62.5,0,0,0,0,0,0,0,0,0,60,98040,0,0,0,0,0,0,0,0,0,0,2512,0,0,0,0,0,0,0,0,0,0,265,0,0,0,0,0,0,0,0,0,95,98223,0,0,0,0,0,0,0,0,0,0,7617,0,0,0,0,0,0,0,0,0,0,779
63.0,0,0,0,0,0,0,0,0,0,12,227162,0,0,0,0,0,0,0,0,0,0,1056,0,0,0,0,0,0,0,0,0,0,182,0,0,0,0,0,0,0,0,0,6,228804,0,0,0,0,0,0,0,0,0,0,3241,0,0,0,0,0,0,0,0,0,0,570
63.5,0,0,0,0,0,0,0,0,0,29,24948,0,0,0,0,0,0,0,0,0,0,646,0,0,0,0,0,0,0,0,0,0,101,0,0,0,0,0,0,0,0,0,32,24924,0,0,0,0,0,0,0,0,0,0,2037,0,0,0,0,0,0,0,0,0,0,262
64.0,0,0,0,0,0,0,0,0,0,2,68034,0,0,0,0,0,0,0,0,0,0,521,0,0,0,0,0,0,0,0,0,0,60,0,0,0,0,0,0,0,0,0,4,68678,0,0,0,0,0,0,0,0,0,0,1630,0,0,0,0,0,0,0,0,0,0,202
64.5,0,0,0,0,0,0,0,0,0,12,169521,0,0,0,0,0,0,0,0,0,0,284,0,0,0,0,0,0,0,0,0,0,35,0,0,0,0,0,0,0,0,0,13,169665,0,0,0,0,0,0,0,0,0,0,870,0,0,0,0,0,0,0,0,0,0,82
65.0,0,0,0,0,0,0,0,0,0,1,43733,0,0,0,0,0,0,0,0,0,0,300,0,0,0,0,0,0,0,0,0,0,7,0,0,0,0,0,0,0,0,0,1,44472,0,0,0,0,0,0,0,0,0,0,841,0,0,0,0,0,0,0,0,0,0,44
65.5,0,0,0,0,0,0,0,0,0,4,114381,0,0,0,0,0,0,0,0,0,0,104,0,0,0,0,0,0,0,0,0,0,8,0,0,0,0,0,0,0,0,0,8,115673,0,0,0,0,0,0,0,0,0,0,346,0,0,0,0,0,0,0,0,0,0,21
66.0,0,0,0,0,0,0,0,0,0,0,27488,0,0,0,0,0,0,0,0,0,0,71,0,0,0,0,0,0,0,0,0,0,5,0,0,0,0,0,0,0,0,0,0,27593,0,0,0,0,0,0,0,0,0,0,233,0,0,0,0,0,0,0,0,0,0,13
66.5,0,0,0,0,0,0,0,0,0,2,5098,0,0,0,0,0,0,0,0,0,0,50,0,0,0,0,0,0,0,0,0,0,3,0,0,0,0,0,0,0,0,0,3,5092,0,0,0,0,0,0,0,0,0,0,115,0,0,0,0,0,0,0,0,0,0,4
67.0,0,0,0,0,0,0,0,0,0,0,71357,0,0,0,0,0,0,0,0,0,0,29,0,0,0,0,0,0,0,0,0,0,1,0,0,0,0,0,0,0,0,0,0,71714,0,0,0,0,0,0,0,0,0,0,59,0,0,0,0,0,0,0,0,0,0,3
67.5,0,0,0,0,0,0,0,0,0,2,15972,0,0,0,0,0,0,0,0,0,0,22,0,0,0,0,0,0,0,0,0,0,0,0,0,0,0,0,0,0,0,0,0,16118,0,0,0,0,0,0,0,0,0,0,64,0,0,0,0,0,0,0,0,0,0,3
68.0,0,0,0,0,0,0,0,0,0,0,48348,0,0,0,0,0,0,0,0,0,0,5,0,0,0,0,0,0,0,0,0,0,0,0,0,0,0,0,0,0,0,0,0,48457,0,0,0,0,0,0,0,0,0,0,18,0,0,0,0,0,0,0,0,0,0,0
68.5,0,0,0,0,0,0,0,0,0,0,9768,0,0,0,0,0,0,0,0,0,0,9,0,0,0,0,0,0,0,0,0,0,0,0,0,0,0,0,0,0,0,0,0,9893,0,0,0,0,0,0,0,0,0,0,13,0,0,0,0,0,0,0,0,0,0,0
69.0,0,0,0,0,0,0,0,0,0,0,1554,0,0,0,0,0,0,0,0,0,0,3,0,0,0,0,0,0,0,0,0,0,0,0,0,0,0,0,0,0,0,0,0,1516,0,0,0,0,0,0,0,0,0,0,7,0,0,0,0,0,0,0,0,0,0,0
69.5,0,0,0,0,0,0,0,0,0,0,33974,0,0,0,0,0,0,0,0,0,0,1,0,0,0,0,0,0,0,0,0,0,0,0,0,0,0,0,0,0,0,0,2,34293,0,0,0,0,0,0,0,0,0,0,4,0,0,0,0,0,0,0,0,0,0,0
70.0,0,0,0,0,0,0,0,0,0,0,795,0,0,0,0,0,0,0,0,0,0,1,0,0,0,0,0,0,0,0,0,0,0,0,0,0,0,0,0,0,0,0,0,809,0,0,0,0,0,0,0,0,0,0,2,0,0,0,0,0,0,0,0,0,0,0
70.5,0,0,0,0,0,0,0,0,0,0,17250,0,0,0,0,0,0,0,0,0,0,0,0,0,0,0,0,0,0,0,0,0,0,0,0,0,0,0,0,0,0,0,0,17697,0,0,0,0,0,0,0,0,0,0,0,0,0,0,0,0,0,0,0,0,0,0
71.0,0,0,0,0,0,0,0,0,0,0,3448,0,0,0,0,0,0,0,0,0,0,0,0,0,0,0,0,0,0,0,0,0,0,0,0,0,0,0,0,0,0,0,0,3473,0,0,0,0,0,0,0,0,0,0,0,0,0,0,0,0,0,0,0,0,0,0
71.5,0,0,0,0,0,0,0,0,0,0,49,0,0,0,0,0,0,0,0,0,0,0,0,0,0,0,0,0,0,0,0,0,0,0,0,0,0,0,0,0,0,0,0,36,0,0,0,0,0,0,0,0,0,0,0,0,0,0,0,0,0,0,0,0,0,0
72.0,0,0,0,0,0,0,0,0,0,0,11789,0,0,0,0,0,0,0,0,0,0,0,0,0,0,0,0,0,0,0,0,0,0,0,0,0,0,0,0,0,0,0,0,11926,0,0,0,0,0,0,0,0,0,0,0,0,0,0,0,0,0,0,0,0,0,0
72.5,0,0,0,0,0,0,0,0,0,0,244,0,0,0,0,0,0,0,0,0,0,0,0,0,0,0,0,0,0,0,0,0,0,0,0,0,0,0,0,0,0,0,0,230,0,0,0,0,0,0,0,0,0,0,1,0,0,0,0,0,0,0,0,0,0,0
73.0,0,0,0,0,0,0,0,0,0,0,5883,0,0,0,0,0,0,0,0,0,0,0,0,0,0,0,0,0,0,0,0,0,0,0,0,0,0,0,0,0,0,0,0,5843,0,0,0,0,0,0,0,0,0,0,0,0,0,0,0,0,0,0,0,0,0,0
73.5,0,0,0,0,0,0,0,0,0,0,956,0,0,0,0,0,0,0,0,0,0,0,0,0,0,0,0,0,0,0,0,0,0,0,0,0,0,0,0,0,0,0,0,901,0,0,0,0,0,0,0,0,0,0,0,0,0,0,0,0,0,0,0,0,0,0
74.0,0,0,0,0,0,0,0,0,0,0,0,0,0,0,0,0,0,0,0,0,0,0,0,0,0,0,0,0,0,0,0,0,0,0,0,0,0,0,0,0,0,0,0,1,0,0,0,0,0,0,0,0,0,0,0,0,0,0,0,0,0,0,0,0,0,0
74.5,0,0,0,0,0,0,0,0,0,0,3678,0,0,0,0,0,0,0,0,0,0,0,0,0,0,0,0,0,0,0,0,0,0,0,0,0,0,0,0,0,0,0,0,3792,0,0,0,0,0,0,0,0,0,0,0,0,0,0,0,0,0,0,0,0,0,0
75.0,0,0,0,0,0,0,0,0,0,0,2,0,0,0,0,0,0,0,0,0,0,0,0,0,0,0,0,0,0,0,0,0,0,0,0,0,0,0,0,0,0,0,0,5,0,0,0,0,0,0,0,0,0,0,0,0,0,0,0,0,0,0,0,0,0,0
75.5,0,0,0,0,0,0,0,0,0,0,1931,0,0,0,0,0,0,0,0,0,0,0,0,0,0,0,0,0,0,0,0,0,0,0,0,0,0,0,0,0,0,0,0,1952,0,0,0,0,0,0,0,0,0,0,0,0,0,0,0,0,0,0,0,0,0,0
76.0,0,0,0,0,0,0,0,0,0,0,0,0,0,0,0,0,0,0,0,0,0,0,0,0,0,0,0,0,0,0,0,0,0,0,0,0,0,0,0,0,0,0,0,1,0,0,0,0,0,0,0,0,0,0,0,0,0,0,0,0,0,0,0,0,0,0
77.0,0,0,0,0,0,0,0,0,0,0,984,0,0,0,0,0,0,0,0,0,0,0,0,0,0,0,0,0,0,0,0,0,0,0,0,0,0,0,0,0,0,0,0,984,0,0,0,0,0,0,0,0,0,0,0,0,0,0,0,0,0,0,0,0,0,0
78.0,0,0,0,0,0,0,0,0,0,0,495,0,0,0,0,0,0,0,0,0,0,0,0,0,0,0,0,0,0,0,0,0,0,0,0,0,0,0,0,0,0,0,0,485,0,0,0,0,0,0,0,0,0,0,0,0,0,0,0,0,0,0,0,0,0,0
79.0,0,0,0,0,0,0,0,0,0,0,229,0,0,0,0,0,0,0,0,0,0,0,0,0,0,0,0,0,0,0,0,0,0,0,0,0,0,0,0,0,0,0,0,233,0,0,0,0,0,0,0,0,0,0,0,0,0,0,0,0,0,0,0,0,0,0
80.5,0,0,0,0,0,0,0,0,0,0,94,0,0,0,0,0,0,0,0,0,0,0,0,0,0,0,0,0,0,0,0,0,0,0,0,0,0,0,0,0,0,0,0,98,0,0,0,0,0,0,0,0,0,0,0,0,0,0,0,0,0,0,0,0,0,0
81.5,0,0,0,0,0,0,0,0,0,0,46,0,0,0,0,0,0,0,0,0,0,0,0,0,0,0,0,0,0,0,0,0,0,0,0,0,0,0,0,0,0,0,0,50,0,0,0,0,0,0,0,0,0,0,0,0,0,0,0,0,0,0,0,0,0,0
82.5,0,0,0,0,0,0,0,0,0,0,2,0,0,0,0,0,0,0,0,0,0,0,0,0,0,0,0,0,0,0,0,0,0,0,0,0,0,0,0,0,0,0,0,0,0,0,0,0,0,0,0,0,0,0,0,0,0,0,0,0,0,0,0,0,0,0
83.0,0,0,0,0,0,0,0,0,0,0,14,0,0,0,0,0,0,0,0,0,0,0,0,0,0,0,0,0,0,0,0,0,0,0,0,0,0,0,0,0,0,0,0,19,0,0,0,0,0,0,0,0,0,0,0,0,0,0,0,0,0,0,0,0,0,0
84.0,0,0,0,0,0,0,0,0,0,0,6,0,0,0,0,0,0,0,0,0,0,0,0,0,0,0,0,0,0,0,0,0,0,0,0,0,0,0,0,0,0,0,0,9,0,0,0,0,0,0,0,0,0,0,0,0,0,0,0,0,0,0,0,0,0,0
85.0,0,0,0,0,0,0,0,0,0,0,0,0,0,0,0,0,0,0,0,0,0,0,0,0,0,0,0,0,0,0,0,0,0,0,0,0,0,0,0,0,0,0,0,2,0,0,0,0,0,0,0,0,0,0,0,0,0,0,0,0,0,0,0,0,0,0
85.5,0,0,0,0,0,0,0,0,0,0,2,0,0,0,0,0,0,0,0,0,0,0,0,0,0,0,0,0,0,0,0,0,0,0,0,0,0,0,0,0,0,0,0,0,0,0,0,0,0,0,0,0,0,0,0,0,0,0,0,0,0,0,0,0,0,0
86.5,0,0,0,0,0,0,0,0,0,0,0,0,0,0,0,0,0,0,0,0,0,0,0,0,0,0,0,0,0,0,0,0,0,0,0,0,0,0,0,0,0,0,0,2,0,0,0,0,0,0,0,0,0,0,0,0,0,0,0,0,0,0,0,0,0,0
Total,960269675,1100562244,1240791371,1380993454,1521176105,1689361618,1829917385,1970853759,2112269740,2253995566,2424127411,904404307,1054568364,1195363371,1345550385,1486318765,1636498892,1786666750,1927446344,2077876773,2219207503,2370083060,1195571894,1392713832,1589856675,1786979462,1974755950,2171868373,2369002737,2566164637,2763637647,2952095360,3150122924,963757574,1104503996,1245265925,1385989215,1526712920,1695582751,1836679115,1978176978,2120161031,2262442654,2433257437,2723497736,3175785328,3599774924,4052092956,4476103718,4928361705,5380645676,5804734962,6257747461,6683379319,7137772180,3600464211,4194212424,4787914889,5381638554,5947103115,6540838978,7134555316,7728309462,8322990712,8890663476,9487116739
