table_min,table_max,bankroll,kelly,num_replays,mean_end_bankroll,median_end_bankroll,mean_end_profit,p025_bankroll,p975_bankroll,prob_finish_down,prob_lose_25pct,prob_lose_50pct,prob_double,prob_ruin,mean_max_drawdown,median_max_drawdown,p95_max_drawdown,p99_max_drawdown,rtp,mean_total_wagered,mean_shoes_used,mean_hands_used,prob_end_below_0.9xB0,prob_end_below_0.75xB0,prob_end_below_0.5xB0,prob_end_below_0.25xB0,prob_end_below_0.1xB0
5.0,500.0,200.0,0.25,100000,197.58985,197.5,-2.41015,65.0,332.5,0.50759,0.2377,0.07341,0.00179,0.00357,40.916875,40.0,57.5,65.0,0.996935608263133,786.501925,9.99641,137.4385,0.3923,0.2377,0.07341,0.01433,0.00491
5.0,500.0,200.0,0.5,100000,197.521325,197.5,-2.478675,65.0,332.5,0.50657,0.23769,0.07353,0.0015,0.00359,40.835775,40.0,57.5,65.0,0.9968501172783046,786.91025,9.99598,137.44909,0.39285,0.23769,0.07353,0.014,0.00481
5.0,500.0,200.0,0.75,100000,197.90065,197.5,-2.09935,62.5,332.5,0.50471,0.23688,0.07404,0.00174,0.00389,41.41135,40.0,60.0,70.0,0.9973516851934748,792.71165,9.99569,137.43065,0.39164,0.23688,0.07404,0.01487,0.00516
5.0,500.0,200.0,1.0,100000,198.436125,197.5,-1.563875,60.0,337.5,0.50231,0.24141,0.07768,0.00228,0.00476,42.8199,40.0,62.5,75.0,0.9980651612731614,808.2715,9.99419,137.41077,0.39124,0.24141,0.07768,0.01692,0.00651
5.0,500.0,200.0,1.25,100000,199.5689,200.0,-0.4311,55.0,342.5,0.49534,0.24257,0.08575,0.00366,0.00683,45.034975,45.0,67.5,87.5,0.9994805814608004,829.966525,9.98942,137.32806,0.38681,0.24257,0.08575,0.02066,0.00897
5.0,500.0,200.0,1.5,100000,200.139425,200.0,0.139425,47.5,352.5,0.49299,0.25174,0.09466,0.00556,0.01045,47.982975,45.0,75.0,100.0,1.0001628530047664,856.140175,9.98376,137.21811,0.38949,0.25174,0.09466,0.02655,0.01292
5.0,500.0,200.0,2.0,100000,201.867425,202.5,1.867425,22.5,370.0,0.48586,0.264,0.1137,0.01218,0.02011,54.463425,50.0,95.0,127.5,1.0020580892147248,907.358625,9.96158,136.8549,0.39213,0.264,0.1137,0.0398,0.02357
5.0,500.0,200.0,2.5,100000,204.3545,202.5,4.3545,0.0,400.0,0.47922,0.2792,0.13697,0.02532,0.03811,63.977875,57.5,117.5,155.0,1.0044380971066247,981.16375,9.90549,135.95977,0.39457,0.2792,0.13697,0.06215,0.04282
5.0,500.0,200.0,3.0,100000,205.88055,205.0,5.88055,-5.0,427.5,0.47275,0.29671,0.16307,0.04288,0.06188,73.59585,65.0,137.5,185.0,1.005601141535419,1049.8842,9.82393,134.69803,0.40005,0.29671,0.16307,0.08833,0.06745
5.0,500.0,200.0,4.0,100000,209.934625,210.0,9.934625,-15.0,485.0,0.46559,0.32097,0.20881,0.08089,0.11302,91.207725,80.0,175.0,227.5,1.008550036567094,1161.939475,9.62299,131.62887,0.40559,0.32097,0.20881,0.13945,0.11975
5.0,500.0,200.0,5.0,100000,213.55625,212.5,13.55625,-30.0,552.5,0.46864,0.35079,0.25751,0.12564,0.17337,111.0558,100.0,210.0,270.0,1.0105782121992293,1281.525625,9.34304,127.40187,0.41978,0.35079,0.25751,0.19844,0.18025
5.0,500.0,200.0,6.0,100000,216.1873,210.0,16.1873,-40.0,610.0,0.47364,0.37536,0.29708,0.16035,0.22385,127.93415,117.5,240.0,307.5,1.011870223470763,1363.689575,9.07937,123.49876,0.43174,0.37536,0.29708,0.2466,0.23118
5.0,500.0,200.0,7.0,100000,219.139375,207.5,19.139375,-52.5,675.0,0.48389,0.4037,0.34006,0.19497,0.27757,146.11095,135.0,270.0,350.0,1.0130898187344575,1462.157375,8.7773,119.01724,0.45016,0.4037,0.34006,0.29733,0.2843
5.0,500.0,500.0,0.25,100000,497.858475,497.5,-2.141525,365.0,632.5,0.50498,0.03385,0.0001,0.0,0.0,41.043975,40.0,60.0,67.5,0.9972857702064698,788.99915,10.0,137.50878,0.23683,0.03385,0.0001,0.0,0.0
5.0,500.0,500.0,0.5,100000,499.95985,500.0,-0.04015,355.0,645.0,0.49382,0.04264,0.00037,0.0,0.0,44.997775,45.0,70.0,85.0,0.9999517021677787,831.30025,10.0,137.49828,0.2427,0.04264,0.00037,0.0,0.0
5.0,500.0,500.0,0.75,100000,502.381775,502.5,2.381775,337.5,667.5,0.48238,0.06186,0.00178,0.0,0.0,52.756,50.0,90.0,120.0,1.0026419385075092,901.525525,10.0,137.50231,0.25895,0.06186,0.00178,5e-05,1e-05
5.0,500.0,500.0,1.0,100000,503.75295,502.5,3.75295,307.5,697.5,0.48014,0.09038,0.00643,1e-05,1e-05,64.168175,57.5,120.0,160.0,1.0037790351681517,993.0974,9.99998,137.49715,0.28311,0.09038,0.00643,0.00026,5e-05
5.0,500.0,500.0,1.25,100000,506.63375,507.5,6.63375,280.0,732.5,0.47005,0.11453,0.01395,9e-05,0.00013,74.753975,65.0,142.5,195.0,1.0061592650143372,1077.035975,9.99993,137.51386,0.29513,0.11453,0.01395,0.00096,0.00028
5.0,500.0,500.0,1.5,100000,509.89525,510.0,9.89525,247.5,770.0,0.4635,0.13809,0.02528,0.0005,0.0005,87.618925,77.5,170.0,232.5,1.008388962142681,1179.555925,9.99927,137.48781,0.30807,0.13809,0.02528,0.00316,0.00083
5.0,500.0,500.0,2.0,100000,514.7908,515.0,14.7908,177.5,852.5,0.45754,0.18445,0.05437,0.00424,0.00483,114.63105,100.0,225.0,305.0,1.010621969767193,1392.472425,9.98982,137.34799,0.33421,0.18445,0.05437,0.01351,0.00645
5.0,500.0,500.0,2.5,100000,520.5279,520.0,20.5279,97.5,935.0,0.45435,0.22078,0.08539,0.01386,0.01533,141.477725,125.0,280.0,382.5,1.0127677384645901,1607.794525,9.96019,136.87887,0.35196,0.22078,0.08539,0.03049,0.01866
5.0,500.0,500.0,3.0,100000,525.06385,525.0,25.06385,-2.5,1012.5,0.45252,0.24639,0.11532,0.02792,0.03178,166.9378,150.0,335.0,450.0,1.014125408839874,1774.3805,9.90949,136.07158,0.36251,0.24639,0.11532,0.05213,0.03652
5.0,500.0,500.0,4.0,100000,533.7232,532.5,33.7232,-40.0,1167.5,0.45087,0.28467,0.16929,0.06574,0.07742,215.1509,192.5,435.0,565.0,1.0161080870447718,2093.5571,9.73977,133.478,0.38092,0.28467,0.16929,0.10331,0.08412
5.0,500.0,500.0,5.0,100000,544.267725,540.0,44.267725,-75.0,1352.5,0.45353,0.32558,0.22771,0.11658,0.14036,269.071575,245.0,530.0,670.0,1.01777145197906,2490.945875,9.47031,129.39273,0.39967,0.32558,0.22771,0.16807,0.14884
5.0,500.0,500.0,6.0,100000,550.693175,542.5,50.693175,-107.5,1512.5,0.46078,0.3565,0.2744,0.15507,0.19535,315.4472,290.0,605.0,770.0,1.0183654835815967,2760.241775,9.19703,125.31359,0.41655,0.3565,0.2744,0.22067,0.20354
5.0,500.0,500.0,7.0,100000,556.5781,537.5,56.5781,-135.0,1675.0,0.47169,0.38477,0.31594,0.19024,0.24977,359.598075,330.0,680.0,875.0,1.0189794157416008,2981.024325,8.90752,121.03034,0.4348,0.38477,0.31594,0.27235,0.25776
5.0,500.0,1000.0,0.25,100000,999.320475,1000.0,-0.679525,855.0,1145.0,0.49743,0.00034,0.0,0.0,0.0,45.01635,45.0,70.0,85.0,0.9991823521383517,831.072925,10.0,137.51083,0.08433,0.00034,0.0,0.0,0.0
5.0,500.0,1000.0,0.5,100000,1004.800125,1005.0,4.800125,810.0,1200.0,0.47504,0.00609,1e-05,0.0,0.0,64.1623,57.5,117.5,160.0,1.0048355346531581,992.6772,10.0,137.5123,0.13518,0.00609,1e-05,0.0,0.0
5.0,500.0,1000.0,0.75,100000,1009.99895,1010.0,9.99895,750.0,1272.5,0.46374,0.02474,0.0003,0.0,0.0,87.541,77.5,170.0,232.5,1.0084810753979345,1178.97195,10.0,137.51215,0.18473,0.02474,0.0003,1e-05,0.0
5.0,500.0,1000.0,1.0,100000,1015.07915,1015.0,15.07915,682.5,1352.5,0.46003,0.05311,0.00247,0.0,0.0,114.5957,100.0,225.0,305.0,1.0108156567680195,1394.196425,10.0,137.49987,0.22996,0.05311,0.00247,6e-05,0.0
5.0,500.0,1000.0,1.25,100000,1020.6112,1020.0,20.6112,610.0,1432.5,0.45317,0.0846,0.00881,6e-05,7e-05,141.4033,125.0,285.0,385.0,1.012751143383394,1616.41975,9.99986,137.50751,0.25843,0.0846,0.00881,0.00064,8e-05
5.0,500.0,1000.0,1.5,100000,1025.335575,1022.5,25.335575,540.0,1512.5,0.45378,0.11416,0.01804,0.0004,0.00025,167.56625,150.0,340.0,460.0,1.0141066886054522,1795.997325,9.99966,137.50594,0.28092,0.11416,0.01804,0.00203,0.00054
5.0,500.0,1000.0,2.0,100000,1034.899675,1032.5,34.899675,404.9375000000009,1670.0,0.44986,0.1609,0.04384,0.0031,0.00307,217.8478,195.0,445.0,607.5249999999869,1.01611778776546,2165.2894,9.993,137.40435,0.31363,0.1609,0.04384,0.00977,0.00445
5.0,500.0,1000.0,2.5,100000,1046.7695,1045.0,46.7695,235.0,1857.5,0.44701,0.2056,0.07732,0.01251,0.01267,276.59645,245.0,560.0,760.0,1.017576276575759,2660.9447,9.96706,136.98927,0.33765,0.2056,0.07732,0.02638,0.01542
5.0,500.0,1000.0,3.0,100000,1055.8276,1055.0,55.8276,-2.5,2007.5,0.44595,0.23454,0.10769,0.0259,0.02772,328.377875,292.5,665.0,892.5,1.0183378416619924,3044.393175,9.92131,136.27342,0.35325,0.23454,0.10769,0.04755,0.03243
5.0,500.0,1000.0,4.0,100000,1074.436825,1072.5,74.436825,-82.5,2355.0,0.44726,0.28497,0.16877,0.06815,0.07715,436.400425,392.5,875.0,1147.5,1.0193750860865167,3841.883575,9.7408,133.47118,0.37774,0.28497,0.16877,0.10301,0.08445
5.0,500.0,1000.0,5.0,100000,1086.70315,1077.5,86.70315,-150.0,2685.0,0.45465,0.32253,0.22266,0.11218,0.13305,534.1624,485.0,1055.0,1340.0,1.0194072905359741,4467.555625,9.50352,129.89201,0.39857,0.32253,0.22266,0.16094,0.14185
5.0,500.0,1000.0,6.0,100000,1109.490275,1097.5,109.490275,-217.5,3032.5,0.45505,0.34908,0.26822,0.15551,0.18968,628.8131,577.5,1210.0,1545.0,1.0216194894992636,5064.424625,9.22588,125.75539,0.4104,0.34908,0.26822,0.21576,0.19872
5.0,500.0,1000.0,7.0,100000,1114.33125,1070.0,114.33125,-275.0,3350.0,0.4732,0.38575,0.31612,0.18999,0.24643,719.880375,665.0,1355.0,1745.0,1.0205812093003295,5555.1279,8.92145,121.25147,0.43666,0.38575,0.31612,0.26994,0.25483
10.0,1000.0,500.0,0.25,100000,494.83845,495.0,-5.16155,225.0,765.0,0.50999,0.18377,0.03438,0.0001,0.00031,81.81135,80.0,115.0,130.0,0.9967204146413022,1573.84225,9.99983,137.51134,0.36595,0.18377,0.03438,0.00273,0.00055
10.0,1000.0,500.0,0.5,100000,495.9713,495.0,-4.0287,230.0,765.0,0.50386,0.18387,0.03457,0.00016,0.00013,81.9925,80.0,120.0,130.0,0.9974469904515466,1578.01995,9.99995,137.51038,0.36209,0.18387,0.03457,0.00285,0.00045
10.0,1000.0,500.0,0.75,100000,496.4828,495.0,-3.5172,225.0,770.0,0.50166,0.18628,0.03618,0.00026,0.00033,84.25325,80.0,120.0,145.0,0.997806092497104,1603.16695,9.99969,137.50323,0.36089,0.18628,0.03618,0.0036,0.00072
10.0,1000.0,500.0,1.0,100000,499.60915,500.0,-0.39085,210.0,790.0,0.49445,0.19236,0.04251,0.0005,0.00074,90.0598,90.0,140.0,175.0,0.999764922843449,1662.6456,9.99934,137.49381,0.35972,0.19236,0.04251,0.00548,0.00125
10.0,1000.0,500.0,1.25,100000,500.52365,500.0,0.52365,195.0,805.0,0.49279,0.204,0.05119,0.00084,0.00141,96.37645,90.0,155.0,205.0,1.0003048969631383,1717.46545,9.99845,137.4853,0.3665,0.204,0.05119,0.00778,0.00232
10.0,1000.0,500.0,1.5,100000,503.6052,505.0,3.6052,175.0,835.0,0.48588,0.21406,0.06244,0.00215,0.00372,105.63455,100.0,180.0,240.0,1.0020009443600435,1801.74925,9.99465,137.41386,0.36644,0.21406,0.06244,0.01239,0.00489
10.0,1000.0,500.0,2.0,100000,509.38505,510.0,9.38505,110.0,900.0,0.47204,0.23786,0.08975,0.00812,0.01252,128.4263,115.0,240.0,320.0,1.0047382370232256,1980.70505,9.97479,137.08247,0.37129,0.23786,0.08975,0.0281,0.01532
10.0,1000.0,500.0,2.5,100000,513.8535,515.0,13.8535,5.0,965.0,0.46997,0.25482,0.11364,0.01863,0.02615,148.97985,130.0,280.0,380.0,1.006485397311164,2136.1066,9.93665,136.47013,0.37911,0.25482,0.11364,0.04661,0.03028
10.0,1000.0,500.0,3.0,100000,517.98315,520.0,17.98315,-5.0,1040.0,0.46599,0.27538,0.14201,0.03425,0.04699,174.8785,160.0,340.0,450.0,1.0077541046167584,2319.17815,9.87,135.42792,0.3855,0.27538,0.14201,0.07102,0.05218
10.0,1000.0,500.0,4.0,100000,527.26355,525.0,27.26355,-40.0,1195.0,0.46245,0.31331,0.19814,0.07659,0.10064,225.7928,200.0,440.0,570.0,1.010211226703218,2669.95835,9.66427,132.27337,0.39984,0.31331,0.19814,0.12798,0.10714
10.0,1000.0,500.0,5.0,100000,537.4485,535.0,37.4485,-75.0,1355.0,0.46161,0.34032,0.24544,0.1216,0.16145,275.1136,250.0,530.0,680.0,1.0125449004829628,2985.1572,9.39015,128.13761,0.41192,0.34032,0.24544,0.18687,0.16837
10.0,1000.0,500.0,6.0,100000,544.28345,530.0,44.28345,-105.0,1515.0,0.46984,0.3687,0.28862,0.15885,0.21257,319.23925,290.0,605.0,770.0,1.0138735085847865,3191.9431,9.1218,124.15792,0.42688,0.3687,0.28862,0.23648,0.22031
10.0,1000.0,500.0,7.0,100000,551.90445,530.0,51.90445,-130.0,1680.0,0.47853,0.39646,0.3294,0.19233,0.26448,361.02255,330.0,675.0,870.0,1.0151732860688478,3420.77845,8.84649,120.05278,0.44477,0.39646,0.3294,0.28554,0.27156
10.0,1000.0,1000.0,0.25,100000,995.0747,995.0,-4.9253,730.0,1260.0,0.50764,0.03414,0.00012,0.0,0.0,82.01015,80.0,120.0,130.0,0.9968785022616171,1577.86435,10.0,137.52005,0.23773,0.03414,0.00012,0.0,0.0
10.0,1000.0,1000.0,0.5,100000,998.6556,1000.0,-1.3444,710.0,1285.0,0.49702,0.04358,0.00031,0.0,0.0,89.9656,90.0,140.0,175.0,0.9991911891354633,1662.1933,10.0,137.51145,0.24496,0.04358,0.00031,0.0,0.0
10.0,1000.0,1000.0,0.75,100000,1003.4084,1005.0,3.4084,675.0,1335.0,0.48609,0.06166,0.00175,0.0,0.0,105.73305,100.0,180.0,240.0,1.0018903659306189,1803.03715,10.0,137.51416,0.26058,0.06166,0.00175,4e-05,0.0
10.0,1000.0,1000.0,1.0,100000,1008.55875,1010.0,8.55875,615.0,1400.0,0.47675,0.09106,0.0064,3e-05,2e-05,128.53195,115.0,240.0,320.0,1.0043083441986833,1986.55205,10.0,137.51627,0.2807,0.09106,0.0064,0.0003,6e-05
10.0,1000.0,1000.0,1.25,100000,1014.83855,1015.0,14.83855,570.0,1460.0,0.46813,0.11103,0.01308,7e-05,0.00013,149.2279,130.0,285.0,390.0,1.0068847141256032,2155.2892,9.99978,137.49612,0.29302,0.11103,0.01308,0.00122,0.00025
10.0,1000.0,1000.0,1.5,100000,1019.14235,1020.0,19.14235,500.0,1540.0,0.46461,0.13929,0.02402,0.00059,0.00044,175.26645,155.0,340.0,460.0,1.0081212597047533,2357.0666,9.99915,137.51027,0.30987,0.13929,0.02402,0.00298,0.00081
10.0,1000.0,1000.0,2.0,100000,1028.8793,1030.0,28.8793,360.0,1695.0,0.45999,0.18469,0.05384,0.00385,0.00464,229.50855,200.0,450.0,620.0,1.0103751537067958,2783.50575,9.99019,137.34372,0.33422,0.18469,0.05384,0.01296,0.00625
10.0,1000.0,1000.0,2.5,100000,1038.85245,1040.0,38.85245,195.0,1865.0,0.456,0.22014,0.08559,0.01285,0.01527,282.6673,250.0,565.0,765.0,1.0120890843681023,3213.84555,9.9613,136.88785,0.35141,0.22014,0.08559,0.03029,0.01843
10.0,1000.0,1000.0,3.0,100000,1052.0896,1050.0,52.0896,-5.0,2030.0,0.45218,0.24444,0.11459,0.02858,0.03252,334.05555,300.0,670.0,905.0,1.0146550900600744,3554.36915,9.90775,136.04972,0.3618,0.24444,0.11459,0.05317,0.03733
10.0,1000.0,1000.0,4.0,100000,1068.874,1065.0,68.874,-80.0,2350.0,0.45074,0.28608,0.16936,0.0665,0.07696,431.4365,390.0,865.0,1135.0,1.0164005555052982,4199.4919,9.74537,133.53891,0.38028,0.28608,0.16936,0.10307,0.08393
10.0,1000.0,1000.0,5.0,100000,1086.2594,1080.0,86.2594,-150.0,2705.0,0.45237,0.32456,0.22756,0.11427,0.14054,539.83855,490.0,1060.0,1350.0499999999738,1.017332906832888,4976.6263,9.46504,129.30718,0.39942,0.32456,0.22756,0.16725,0.14901
10.0,1000.0,1000.0,6.0,100000,1097.4353,1080.0,97.4353,-215.0,3015.0,0.46313,0.35917,0.27741,0.1545,0.19789,631.2649,580.0,1210.0,1545.0,1.0176348350111835,5525.16085,9.19458,125.27709,0.41977,0.35917,0.27741,0.22351,0.20609
10.0,1000.0,1000.0,7.0,100000,1113.18695,1075.0,113.18695,-265.0,3350.0,0.47126,0.38402,0.31463,0.18831,0.24821,717.26115,660.0,1350.0,1730.0,1.0189968474520772,5958.1965,8.91141,121.07888,0.43387,0.38402,0.31463,0.2708,0.25665
10.0,1000.0,2000.0,0.25,100000,1999.1909,2000.0,-0.8091,1710.0,2285.0,0.49485,0.00032,0.0,0.0,0.0,90.00325,90.0,140.0,175.0,0.9995132473309367,1662.2405,10.0,137.53298,0.08536,0.00032,0.0,0.0,0.0
10.0,1000.0,2000.0,0.5,100000,2008.5431,2010.0,8.5431,1620.0,2400.0,0.47813,0.00681,1e-05,0.0,0.0,128.7293,115.0,240.0,320.0,1.0042984240696653,1987.49585,10.0,137.51872,0.13781,0.00681,1e-05,0.0,0.0
10.0,1000.0,2000.0,0.75,100000,2018.54125,2020.0,18.54125,1495.0,2540.0,0.46551,0.02532,0.00054,0.0,0.0,175.55495,155.0,345.0,460.0,1.0078603712333623,2358.82625,10.0,137.51009,0.18552,0.02532,0.00054,1e-05,0.0
10.0,1000.0,2000.0,1.0,100000,2027.918,2025.0,27.918,1360.0,2700.0,0.46217,0.05336,0.00231,0.0,0.0,229.91095,205.0,450.0,610.0,1.010003828566026,2790.73155,10.0,137.5052,0.23194,0.05336,0.00231,8e-05,0.0
10.0,1000.0,2000.0,1.25,100000,2042.28725,2040.0,42.28725,1215.0,2875.0,0.45173,0.08584,0.00894,0.0001,7e-05,283.6657,250.0,570.0,775.0,1.0130778448802713,3233.50295,9.99987,137.50055,0.25949,0.08584,0.00894,0.00063,0.00012
10.0,1000.0,2000.0,1.5,100000,2052.4474,2050.0,52.4474,1080.0,3025.0,0.45014,0.11305,0.01785,0.00046,0.00033,334.55865,300.0,680.0,920.0,1.0145942047171448,3593.71415,9.9994,137.50312,0.27934,0.11305,0.01785,0.0022,0.0006
10.0,1000.0,2000.0,2.0,100000,2070.36685,2065.0,70.36685,805.0,3345.0,0.45057,0.16069,0.04335,0.00335,0.00322,436.63165,390.0,890.0,1210.0,1.0162217662900872,4337.80445,9.9931,137.39045,0.31258,0.16069,0.04335,0.00999,0.00458
10.0,1000.0,2000.0,2.5,100000,2094.74865,2090.0,94.74865,465.0,3695.0,0.44545,0.20485,0.07616,0.01208,0.01253,554.48,495.0,1120.0,1525.0,1.017751605948377,5337.4692,9.96644,136.97089,0.33611,0.20485,0.07616,0.02681,0.01578
10.0,1000.0,2000.0,3.0,100000,2109.883,2110.0,109.883,-5.0,4015.0,0.44608,0.23433,0.10536,0.02578,0.02735,655.3622,585.0,1325.0,1770.0,1.018042943496144,6090.0817,9.92333,136.28874,0.355,0.23433,0.10536,0.0466,0.03213
10.0,1000.0,2000.0,4.0,100000,2158.93655,2155.0,158.93655,-160.0,4720.0,0.44219,0.27974,0.16622,0.06769,0.07606,868.3916,780.0,1730.0,2260.0,1.0207387722307266,7663.7396,9.7455,133.56512,0.37226,0.27974,0.16622,0.10204,0.08319
10.0,1000.0,2000.0,5.0,100000,2185.4135,2175.0,185.4135,-300.0,5380.0,0.44908,0.31868,0.22042,0.1123,0.13159,1067.18295,970.0,2100.0,2700.0,1.0207096977005827,8952.97955,9.50527,129.92394,0.39357,0.31868,0.22042,0.15926,0.14006
10.0,1000.0,2000.0,6.0,100000,2207.05615,2180.0,207.05615,-430.0,6010.124999999971,0.45842,0.3521,0.26993,0.15442,0.19055,1260.65405,1160.0,2420.0,3095.0,1.0204795423559103,10110.3895,9.21803,125.6487,0.41471,0.3521,0.26993,0.21682,0.19964
10.0,1000.0,2000.0,7.0,100000,2233.11035,2155.0,233.11035,-550.0,6710.0,0.47045,0.38329,0.31392,0.19,0.24461,1440.7423,1335.0,2720.0,3480.049999999974,1.020976122781482,11113.1286,8.93123,121.39541,0.43436,0.38329,0.31392,0.26814,0.25348
25.0,2000.0,1000.0,0.25,100000,987.0305,987.5,-12.9695,325.0,1662.5,0.50958,0.23732,0.07327,0.00161,0.00324,204.504625,200.0,287.5,325.0,0.996702747591699,3933.4265,9.9967,137.4543,0.3956,0.23732,0.07327,0.01476,0.00448
25.0,2000.0,1000.0,0.5,100000,988.633125,987.5,-11.366875,325.0,1662.5,0.508,0.23716,0.07289,0.00176,0.00327,204.485625,200.0,288.1249999998545,325.0,0.9971108714632798,3934.361125,9.99644,137.43917,0.39236,0.23716,0.07289,0.01395,0.00459
25.0,2000.0,1000.0,0.75,100000,989.49375,987.5,-10.50625,325.0,1662.5,0.50597,0.23612,0.07317,0.00179,0.00374,206.898,200.0,300.0,350.0,0.9973494857970912,3963.8535,9.99589,137.43748,0.39098,0.23612,0.07317,0.01451,0.0052
25.0,2000.0,1000.0,1.0,100000,992.556,987.5,-7.444,300.0,1687.5,0.50158,0.23983,0.07815,0.00196,0.00464,213.85075,200.0,312.5,375.0,0.9981579226816875,4041.089875,9.99447,137.40331,0.38938,0.23983,0.07815,0.01674,0.00628
25.0,2000.0,1000.0,1.25,100000,993.537875,987.5,-6.462125,275.0,1712.5,0.50127,0.2467,0.08563,0.00379,0.00695,225.585125,225.0,350.0,437.5,0.9984429837559748,4150.326,9.99091,137.34559,0.39307,0.2467,0.08563,0.02082,0.00897
25.0,2000.0,1000.0,1.5,100000,1000.679,1000.0,0.679,237.5,1762.5,0.49252,0.25126,0.09377,0.00566,0.00982,239.84875,225.0,375.0,500.0,1.000158603277406,4281.122125,9.98523,137.23798,0.39063,0.25126,0.09377,0.02604,0.0123
25.0,2000.0,1000.0,2.0,100000,1009.748875,1012.5,9.748875,112.5,1850.0,0.48369,0.26445,0.11202,0.01215,0.02038,272.313625,250.0,475.0,637.6249999999345,1.0021492560511296,4535.93,9.95981,136.83016,0.39175,0.26445,0.11202,0.04009,0.0239
25.0,2000.0,1000.0,2.5,100000,1022.42525,1025.0,22.42525,0.0,2000.0,0.476,0.27878,0.13868,0.02524,0.03844,319.34925,287.5,587.5,775.0,1.004575704661502,4900.939125,9.90537,135.95313,0.39315,0.27878,0.13868,0.06289,0.04273
25.0,2000.0,1000.0,3.0,100000,1029.7625,1025.0,29.7625,-25.0,2137.5,0.47242,0.29724,0.16456,0.04168,0.06323,367.822,325.0,687.5,900.0,1.0056722628467045,5247.024125,9.82142,134.64423,0.39835,0.29724,0.16456,0.08933,0.06897
25.0,2000.0,1000.0,4.0,100000,1044.833,1050.0,44.833,-75.0,2425.0,0.4688,0.32297,0.21019,0.07856,0.11294,457.046,412.5,875.0,1125.0,1.0077190048427145,5808.132125,9.6238,131.61474,0.40754,0.32297,0.21019,0.13974,0.11937
25.0,2000.0,2000.0,0.25,100000,1988.1915,1987.5,-11.8085,1325.0,2650.0,0.50775,0.07305,0.00171,0.0,0.0,204.610625,200.0,287.5,325.0,0.9970002971823122,3936.556625,10.0,137.51909,0.28367,0.07305,0.00171,0.0,0.0
25.0,2000.0,2000.0,0.5,100000,1991.030375,1987.5,-8.969625,1300.0,2687.5,0.50194,0.07949,0.00243,0.0,0.0,213.914625,200.0,312.5,375.0,0.9977830344001803,4045.90175,10.0,137.52013,0.28718,0.07949,0.00243,1e-05,0.0
25.0,2000.0,2000.0,0.75,100000,2000.891875,2000.0,0.891875,1250.0,2762.5,0.49232,0.09283,0.00486,0.0,0.0,239.487375,225.0,375.0,500.0,1.0002080692006374,4286.4345,10.0,137.51475,0.29498,0.09283,0.00486,4e-05,0.0
25.0,2000.0,2000.0,1.0,100000,2009.98125,2012.5,9.98125,1162.5,2862.5,0.4862,0.11246,0.00984,4e-05,6e-05,272.853125,250.0,475.0,650.0,1.002189262496823,4559.18375,9.99992,137.51473,0.30326,0.11246,0.00984,0.00055,8e-05
25.0,2000.0,2000.0,1.25,100000,2021.755875,2025.0,21.755875,1037.5,3000.0,0.47602,0.1375,0.02037,0.00011,0.00019,321.079125,287.5,587.5,787.5,1.004380311297643,4966.74175,9.99979,137.50563,0.31503,0.1375,0.02037,0.00184,0.00036
25.0,2000.0,2000.0,1.5,100000,2030.431,2025.0,30.431,912.5,3137.5,0.47037,0.16021,0.03292,0.00071,0.00095,370.375375,325.0,700.0,937.5,1.0056694648521498,5367.526,9.9984,137.49383,0.32642,0.16021,0.03292,0.00474,0.00147
25.0,2000.0,2000.0,2.0,100000,2052.606875,2050.0,52.606875,675.0,3425.0,0.46286,0.19438,0.05911,0.00428,0.00534,463.63375,412.5,900.0,1225.0,1.0086426869197829,6086.86575,9.98864,137.31636,0.34306,0.19438,0.05911,0.01482,0.00718
25.0,2000.0,2000.0,2.5,100000,2071.83825,2062.5,71.83825,337.5,3750.0,0.46073,0.23087,0.09294,0.01413,0.01685,573.27275,500.0,1125.0,1525.0,1.010358428712522,6935.245875,9.9585,136.83671,0.36006,0.23087,0.09294,0.0332,0.02041
25.0,2000.0,2000.0,3.0,100000,2094.156625,2087.5,94.156625,-12.5,4062.5,0.45573,0.25241,0.11893,0.0285,0.03413,669.756875,600.0,1325.0,1775.0,1.0123939282646404,7596.996125,9.9044,135.99766,0.36821,0.25241,0.11893,0.05449,0.03886
25.0,2000.0,2000.0,4.0,100000,2132.716125,2137.5,132.716125,-162.5,4700.0,0.4513,0.29207,0.17719,0.06915,0.08327,872.42125,775.0,1737.5,2275.0,1.0147034747307255,9026.17425,9.72203,133.19183,0.38431,0.29207,0.17719,0.10955,0.0901
25.0,2000.0,5000.0,0.25,100000,4995.749625,5000.0,-4.250375,4275.0,5712.5,0.49782,0.00033,0.0,0.0,0.0,225.302875,225.0,350.0,425.0,0.9989775606695798,4157.092625,10.0,137.49953,0.08579,0.00033,0.0,0.0,0.0
25.0,2000.0,5000.0,0.5,100000,5023.77675,5025.0,23.77675,4050.0,6000.0,0.47503,0.00619,0.0,0.0,0.0,319.943625,287.5,587.5,787.5,1.0047891564156806,4964.70525,10.0,137.51125,0.13536,0.00619,0.0,0.0,0.0
25.0,2000.0,5000.0,0.75,100000,5051.434125,5050.0,51.434125,3750.0,6362.5,0.46234,0.02435,0.00031,0.0,0.0,438.79575,387.5,850.0,1150.0,1.0087182484234984,5899.593875,10.0,137.51169,0.18619,0.02435,0.00031,0.0,0.0
25.0,2000.0,5000.0,1.0,100000,5066.91375,5062.5,66.91375,3400.0,6737.5,0.46349,0.05522,0.00297,0.0,0.0,575.161875,512.5,1137.5,1550.0,1.0095936808842911,6974.773375,10.0,137.51593,0.23104,0.05522,0.00297,0.00011,0.0
25.0,2000.0,5000.0,1.25,100000,5101.46725,5100.0,101.46725,3050.0,7187.5,0.45656,0.08438,0.00841,3e-05,3e-05,708.64725,625.0,1412.5,1925.0,1.0125398870468134,8091.560125,9.99995,137.50209,0.26093,0.08438,0.00841,0.00066,7e-05
25.0,2000.0,5000.0,1.5,100000,5127.313,5125.0,127.313,2687.5,7587.5,0.45203,0.11329,0.01835,0.00034,0.00033,837.824,750.0,1687.5,2312.5,1.0141580892290016,8992.2445,9.99934,137.50086,0.28254,0.11329,0.01835,0.00217,0.0006
25.0,2000.0,5000.0,2.0,100000,5176.780875,5162.5,176.780875,2025.0,8350.0,0.4505,0.16052,0.043,0.00336,0.00292,1091.9655,975.0,2225.0,3062.5,1.0162747224548343,10862.297375,9.99351,137.40555,0.31459,0.16052,0.043,0.00994,0.00416
25.0,2000.0,5000.0,2.5,100000,5229.236125,5225.0,229.236125,1162.5,9237.5,0.44572,0.20812,0.07738,0.0121,0.01262,1385.4255,1225.0,2800.0,3800.0,1.017217823884781,13313.884875,9.96843,136.99558,0.33833,0.20812,0.07738,0.02673,0.01575
25.0,2000.0,5000.0,3.0,100000,5293.860625,5287.5,293.860625,-12.5,10062.5,0.44354,0.23163,0.10471,0.02628,0.02764,1640.20625,1462.5,3325.0,4500.0,1.0192995612636377,15226.28525,9.92115,136.26222,0.3505,0.23163,0.10471,0.04724,0.03223
25.0,2000.0,5000.0,4.0,100000,5376.081,5350.0,376.081,-412.5,11812.5,0.44793,0.28369,0.16846,0.068,0.07722,2176.332,1950.0,4350.0,5675.0,1.0196130595312376,19175.02975,9.74197,133.50311,0.37735,0.28369,0.16846,0.10342,0.08408
25.0,2000.0,10000.0,0.25,100000,10023.357375,10025.0,23.357375,9037.5,11000.0,0.47576,1e-05,0.0,0.0,0.0,320.7825,287.5,600.0,800.0,1.004703131424886,4966.345375,10.0,137.5218,0.02077,1e-05,0.0,0.0,0.0
25.0,2000.0,10000.0,0.5,100000,10072.798625,10075.0,72.798625,8412.5,11737.5,0.45907,0.00245,0.0,0.0,0.0,573.893,512.5,1125.0,1550.0,1.010446740590352,6968.549125,10.0,137.5072,0.09109,0.00245,0.0,0.0,0.0
25.0,2000.0,10000.0,0.75,100000,10131.020875,10125.0,131.020875,7712.5,12575.0,0.45096,0.0175,0.00024,0.0,0.0,839.010375,750.0,1700.0,2325.0,1.0145702184033574,8992.3755,10.0,137.50547,0.15755,0.0175,0.00024,0.0,0.0
25.0,2000.0,10000.0,1.0,100000,10175.0935,10162.5,175.0935,7012.5,13362.5,0.4502,0.04326,0.00213,0.0,1e-05,1092.811375,975.0,2225.0,3050.0,1.0161382365469418,10849.6055,9.99996,137.51495,0.20527,0.04326,0.00213,0.00012,3e-05
25.0,2000.0,10000.0,1.25,100000,10234.798875,10225.0,234.798875,6262.5,14262.5,0.44777,0.07618,0.00719,8e-05,7e-05,1386.010375,1225.0,2800.0,3850.0,1.0175519869376113,13377.33875,9.99986,137.49772,0.24445,0.07618,0.00719,0.00058,0.00012
25.0,2000.0,10000.0,1.5,100000,10283.42825,10262.5,283.42825,5512.5,15050.0,0.4475,0.10406,0.01652,0.00043,0.00038,1645.88375,1462.5,3350.0,4550.0,1.0184078054370045,15397.177625,9.99938,137.4972,0.27231,0.10406,0.01652,0.00223,0.00059
25.0,2000.0,10000.0,2.0,100000,10386.7575,10375.0,386.7575,4025.0,16725.0,0.4451,0.15951,0.04388,0.00338,0.00298,2206.34925,1975.0,4462.5,6087.6249999999345,1.019455309558815,19879.277625,9.99298,137.3875,0.30881,0.15951,0.04388,0.00954,0.00431
25.0,2000.0,10000.0,2.5,100000,10500.615625,10487.5,500.615625,2525.0,18375.0,0.44203,0.19976,0.07271,0.0112,0.0116,2729.866625,2425.0,5550.0,7525.0,1.0210150452753624,23821.772375,9.97138,137.04385,0.33191,0.19976,0.07271,0.02475,0.0145
25.0,2000.0,10000.0,3.0,100000,10612.519625,10562.5,612.519625,-25.0,20187.5,0.44413,0.23029,0.10374,0.02699,0.02671,3256.71675,2900.0,6625.0,8900.0,1.0220053497332902,27835.0325,9.92301,136.29106,0.34896,0.23029,0.10374,0.0454,0.0315
25.0,2000.0,10000.0,4.0,100000,10739.982375,10725.0,739.982375,-737.5,23162.812499999927,0.44551,0.27662,0.1613,0.06235,0.06825,4226.06125,3850.0,8375.0,10775.0,1.0210426896067115,35165.769625,9.776,134.02849,0.37362,0.27662,0.1613,0.09524,0.07582
50.0,2000.0,1000.0,0.25,100000,978.006,975.0,-21.994,0.0,2300.0,0.50795,0.36842,0.25113,0.06855,0.14999,405.606,400.0,550.0,650.0,0.9970515087440079,7459.40825,9.5571,130.33502,0.45135,0.36842,0.25113,0.17485,0.15439
50.0,2000.0,1000.0,0.5,100000,979.65,975.0,-20.35,0.0,2300.0,0.50685,0.36709,0.25197,0.06843,0.15033,405.3985,400.0,550.0,650.0,0.9972713286229448,7457.842,9.55675,130.31629,0.44894,0.36709,0.25197,0.17451,0.15414
50.0,2000.0,1000.0,0.75,100000,977.09625,975.0,-22.90375,0.0,2325.0,0.50998,0.36886,0.25196,0.06946,0.15078,405.239,400.0,550.0,650.0,0.9969264015846973,7451.7705,9.54918,130.21494,0.45269,0.36886,0.25196,0.17578,0.1551
50.0,2000.0,1000.0,1.0,100000,976.7815,975.0,-23.2185,0.0,2325.0,0.50741,0.37044,0.25366,0.06801,0.15089,405.748,400.0,575.0,650.0,0.9968873614555113,7459.427,9.55515,130.29484,0.45088,0.37044,0.25366,0.17723,0.15564
50.0,2000.0,1000.0,1.25,100000,972.6375,975.0,-27.3625,0.0,2300.0,0.51186,0.37165,0.25504,0.06792,0.15144,407.20225,400.0,575.0,650.0,0.9963375710764687,7471.13475,9.55061,130.25209,0.45411,0.37165,0.25504,0.17765,0.15588
50.0,2000.0,1000.0,1.5,100000,976.98675,975.0,-23.01325,0.0,2325.0,0.50788,0.3713,0.25511,0.07074,0.15419,410.2515,400.0,600.0,675.0,0.9969315920321725,7500.062,9.53956,130.062,0.45165,0.3713,0.25511,0.17975,0.15889
50.0,2000.0,1000.0,2.0,100000,985.307,975.0,-14.693,0.0,2375.0,0.50502,0.3721,0.25919,0.07844,0.1632,423.707,400.0,600.0,725.0,0.9980687590393427,7608.0615,9.49423,129.37359,0.44983,0.3721,0.25919,0.1872,0.16765
50.0,2000.0,1000.0,2.5,100000,989.5575,975.0,-10.4425,-25.0,2425.0,0.50181,0.37518,0.269,0.0876,0.17736,444.1725,425.0,650.0,850.0,0.9986529273208333,7751.9945,9.42502,128.33691,0.44946,0.37518,0.269,0.20123,0.18231
50.0,2000.0,1000.0,3.0,100000,1001.208,1000.0,1.208,-50.0,2525.0,0.49755,0.37794,0.2785,0.09938,0.19245,470.403,450.0,750.0,950.0,1.0001524392696557,7924.46725,9.34969,127.23212,0.44774,0.37794,0.2785,0.21599,0.19751
50.0,2000.0,1000.0,4.0,100000,1012.33,1000.0,12.33,-75.0,2700.0,0.49812,0.39234,0.30577,0.12705,0.22967,530.46075,500.0,900.0,1150.0,1.0015007673631664,8215.797,9.15476,124.31552,0.45395,0.39234,0.30577,0.25017,0.23466
50.0,2000.0,2000.0,0.25,100000,1973.00725,1975.0,-26.99275,650.0,3300.0,0.50835,0.23724,0.0739,0.00139,0.00344,408.713,400.0,575.0,650.0,0.9965680597167972,7865.15725,9.99641,137.44596,0.39303,0.23724,0.0739,0.01429,0.0049
50.0,2000.0,2000.0,0.5,100000,1974.75025,1975.0,-25.24975,650.0,3300.0,0.50821,0.23774,0.07238,0.00167,0.00322,408.904,400.0,575.0,650.0,0.9967910424335145,7868.521,9.99646,137.44558,0.39343,0.23774,0.07238,0.01425,0.00454
50.0,2000.0,2000.0,0.75,100000,1978.1175,1975.0,-21.8825,625.0,3325.0,0.50637,0.23664,0.07565,0.00159,0.00404,413.4235,400.0,600.0,700.0,0.9972393090722019,7926.45775,9.99577,137.41618,0.39139,0.23664,0.07565,0.01517,0.00545
50.0,2000.0,2000.0,1.0,100000,1982.77525,1975.0,-17.22475,600.0,3350.0,0.50312,0.24005,0.07807,0.0021,0.00487,427.56925,400.0,625.0,750.0,0.9978687856297275,8082.12925,9.99444,137.4065,0.39113,0.24005,0.07807,0.01684,0.00656
50.0,2000.0,2000.0,1.25,100000,1992.7285,2000.0,-7.2715,550.0,3425.0,0.49747,0.24614,0.08579,0.00341,0.00733,450.16925,450.0,700.0,875.0,0.9991237459280139,8298.39225,9.98919,137.30799,0.39071,0.24614,0.08579,0.02166,0.00953
50.0,2000.0,2000.0,1.5,100000,2002.689,2000.0,2.689,475.0,3525.0,0.49043,0.24981,0.09349,0.00525,0.01025,478.926,450.0,750.0,1000.0,1.0003141596723837,8559.34175,9.98336,137.22188,0.38767,0.24981,0.09349,0.02574,0.01283
50.0,2000.0,2000.0,2.0,100000,2020.15675,2025.0,20.15675,200.0,3725.0,0.48461,0.26464,0.11268,0.01173,0.02059,545.74475,500.0,950.0,1275.0,1.0022221160226397,9070.971,9.95803,136.79627,0.39248,0.26464,0.11268,0.04027,0.02433
50.0,2000.0,2000.0,2.5,100000,2041.54825,2050.0,41.54825,0.0,3975.0,0.47673,0.27958,0.13773,0.02404,0.03912,640.51725,575.0,1175.0,1550.0,1.0042333116564384,9814.5975,9.90583,135.95866,0.39345,0.27958,0.13773,0.0629,0.04361
50.0,2000.0,2000.0,3.0,100000,2065.8885,2075.0,65.8885,-50.0,4275.0,0.47073,0.29528,0.16361,0.04283,0.06132,733.37275,650.0,1375.0,1800.0,1.0062760882049075,10498.33875,9.8311,134.79932,0.39705,0.29528,0.16361,0.08716,0.0665
50.0,2000.0,2000.0,4.0,100000,2102.90775,2100.0,102.90775,-150.0,4875.0,0.46619,0.32037,0.20793,0.08136,0.113,912.45625,800.0,1750.0,2250.0,1.008854988244146,11621.444,9.62734,131.67252,0.4065,0.32037,0.20793,0.13936,0.11933
50.0,2000.0,5000.0,0.25,100000,4978.39575,4975.0,-21.60425,3650.0,6325.0,0.50405,0.03472,0.00011,0.0,0.0,410.329,400.0,600.0,650.0,0.997261217197643,7888.267,10.0,137.50319,0.23592,0.03472,0.00011,0.0,0.0
50.0,2000.0,5000.0,0.5,100000,4993.7,5000.0,-6.3,3550.0,6450.0,0.49507,0.04374,0.00043,0.0,0.0,450.35725,450.0,700.0,875.0,0.9992419941269585,8311.28125,10.0,137.51093,0.24381,0.04374,0.00043,0.0,0.0
50.0,2000.0,5000.0,0.75,100000,5019.11425,5025.0,19.11425,3375.0,6675.0,0.48537,0.06261,0.00192,0.0,0.0,528.31125,500.0,900.0,1200.0,1.0021208074407701,9012.723,10.0,137.52218,0.25852,0.06261,0.00192,2e-05,0.0
50.0,2000.0,5000.0,1.0,100000,5048.16925,5050.0,48.16925,3100.0,7000.0,0.47424,0.08902,0.00583,0.0,2e-05,641.80475,575.0,1175.0,1600.0,1.0048516862402823,9928.35225,9.99995,137.51396,0.27699,0.08902,0.00583,0.00021,4e-05
50.0,2000.0,5000.0,1.25,100000,5069.10825,5075.0,69.10825,2825.0,7325.0,0.47047,0.113,0.01346,0.00016,0.00011,747.80125,650.0,1425.0,1925.0,1.006416062379706,10771.13125,9.99979,137.50338,0.29626,0.113,0.01346,0.00114,0.00023
50.0,2000.0,5000.0,1.5,100000,5098.55,5100.0,98.55,2500.0,7700.0,0.46401,0.13775,0.02439,0.00056,0.00049,878.54825,775.0,1700.0,2350.0,1.0083543051046056,11796.31325,9.99912,137.4862,0.3093,0.13775,0.02439,0.00329,0.00092
50.0,2000.0,5000.0,2.0,100000,5152.58225,5150.0,152.58225,1775.0,8475.0,0.45471,0.1835,0.05434,0.00399,0.00462,1145.434,1000.0,2250.0,3100.0,1.0109541743490016,13929.142,9.98988,137.35437,0.33413,0.1835,0.05434,0.01354,0.00604
50.0,2000.0,5000.0,2.5,100000,5180.85,5175.0,180.85,925.0,9300.0,0.45799,0.22209,0.08731,0.01313,0.01624,1420.245,1250.0,2850.0,3850.0,1.0112605024148515,16060.56225,9.95828,136.84037,0.3537,0.22209,0.08731,0.03181,0.01961
50.0,2000.0,5000.0,3.0,100000,5258.01575,5250.0,258.01575,-25.0,10150.0,0.45116,0.24463,0.11471,0.02833,0.03153,1664.87925,1500.0,3350.0,4500.0,1.0145483876760915,17735.0065,9.91012,136.09823,0.3603,0.24463,0.11471,0.05245,0.03638
50.0,2000.0,5000.0,4.0,100000,5353.7095,5350.0,353.7095,-400.0,11675.0,0.44862,0.28534,0.16879,0.066,0.07763,2152.41675,1950.0,4325.0,5675.0,1.0168752771246723,20960.21875,9.73732,133.43759,0.37896,0.28534,0.16879,0.10327,0.0848
50.0,2000.0,10000.0,0.25,100000,9995.10075,10000.0,-4.89925,8550.0,11450.0,0.49545,0.00036,0.0,0.0,0.0,449.385,450.0,675.0,850.0,0.9994105199907329,8311.1385,10.0,137.50378,0.08597,0.00036,0.0,0.0,0.0
50.0,2000.0,10000.0,0.5,100000,10044.192,10050.0,44.192,8075.0,12000.0,0.47535,0.00674,1e-05,0.0,0.0,641.85225,575.0,1200.0,1600.0,1.0044528578163767,9924.413,10.0,137.51482,0.13764,0.00674,1e-05,0.0,0.0
50.0,2000.0,10000.0,0.75,100000,10093.528,10075.0,93.528,7475.0,12725.0,0.46946,0.02511,0.00036,0.0,0.0,875.32275,775.0,1700.0,2350.0,1.007932936793931,11789.833,10.0,137.51376,0.18388,0.02511,0.00036,0.0,0.0
50.0,2000.0,10000.0,1.0,100000,10158.39675,10150.0,158.39675,6800.0,13525.0,0.45519,0.05405,0.00246,0.0,0.0,1143.77925,1000.0,2250.0,3075.0,1.011368389805539,13933.08575,10.0,137.49879,0.22611,0.05405,0.00246,0.00012,0.0
50.0,2000.0,10000.0,1.25,100000,10196.90825,10200.0,196.90825,6075.0,14325.0,0.45527,0.0851,0.00868,9e-05,7e-05,1416.56125,1250.0,2850.0,3850.0,1.0121959377089316,16145.3965,9.99994,137.52586,0.25984,0.0851,0.00868,0.00087,0.00017
50.0,2000.0,10000.0,1.5,100000,10256.1915,10250.0,256.1915,5425.0,15125.0,0.4524,0.11417,0.0175,0.00037,0.00046,1674.84225,1500.0,3400.0,4600.0,1.0142687799902517,17954.6885,9.9992,137.50065,0.28055,0.11417,0.0175,0.00216,0.00068
50.0,2000.0,10000.0,2.0,100000,10345.96225,10325.0,345.96225,4050.0,16700.0,0.45018,0.16066,0.04307,0.00297,0.00279,2181.34725,1950.0,4450.0,6100.0,1.0159601921369323,21676.57175,9.99389,137.41999,0.31454,0.16066,0.04307,0.00968,0.00386
50.0,2000.0,10000.0,2.5,100000,10462.68,10450.0,462.68,2325.0,18475.0,0.44511,0.20626,0.07702,0.01262,0.01253,2775.78575,2475.0,5600.0,7575.0,1.0173566349195702,26657.241,9.96633,136.95869,0.3373,0.20626,0.07702,0.02656,0.01587
50.0,2000.0,10000.0,3.0,100000,10564.9825,10550.0,564.9825,-25.0,20125.0,0.44573,0.23459,0.1066,0.02636,0.02776,3273.819,2925.0,6650.0,8825.0,1.0185636786057517,30434.83525,9.92138,136.25514,0.35247,0.23459,0.1066,0.04707,0.03218
50.0,2000.0,10000.0,4.0,100000,10720.185,10700.0,720.185,-725.0,23125.0,0.4479,0.28137,0.16477,0.0644,0.07185,4265.63425,3875.0,8350.0,10850.0,1.0189206153902013,38063.50825,9.76101,133.80776,0.37752,0.28137,0.16477,0.0983,0.07899
100.0,5000.0,10000.0,0.25,100000,9952.3455,9950.0,-47.6545,7300.0,12650.0,0.50822,0.03421,0.00013,0.0,0.0,821.3425,800.0,1200.0,1300.0,0.9969801607055504,15780.4755,10.0,137.50945,0.23698,0.03421,0.00013,0.0,0.0
100.0,5000.0,10000.0,0.5,100000,9994.7815,10000.0,-5.2185,7100.0,12900.0,0.49472,0.04459,0.00056,0.0,0.0,900.8815,900.0,1400.0,1750.0,0.9996860752113503,16623.4085,10.0,137.50097,0.24412,0.04459,0.00056,0.0,0.0
100.0,5000.0,10000.0,0.75,100000,10037.6395,10050.0,37.6395,6750.0,13350.0,0.48508,0.06225,0.00184,0.0,0.0,1056.83,1000.0,1800.0,2400.0,1.002087910926673,18027.3495,10.0,137.51867,0.26198,0.06225,0.00184,6e-05,0.0
100.0,5000.0,10000.0,1.0,100000,10082.461,10100.0,82.461,6150.0,14000.0,0.47743,0.09054,0.00658,0.0,2e-05,1285.459,1150.0,2400.0,3200.0,1.0041531448295498,19855.0745,9.99998,137.50751,0.27843,0.09054,0.00658,0.00019,4e-05
100.0,5000.0,10000.0,1.25,100000,10135.8835,10150.0,135.8835,5600.0,14650.0,0.47057,0.11318,0.0135,5e-05,0.00012,1494.9825,1300.0,2850.0,3900.0,1.006308425012363,21540.004,9.99991,137.49648,0.29471,0.11318,0.0135,0.00106,0.00025
100.0,5000.0,10000.0,1.5,100000,10192.031,10200.0,192.031,4950.0,15400.0,0.46561,0.13841,0.02517,0.00048,0.00055,1753.794,1550.0,3400.0,4600.0,1.0081415864669672,23586.435,9.9992,137.48984,0.30809,0.13841,0.02517,0.00336,0.00107
100.0,5000.0,10000.0,2.0,100000,10298.9095,10300.0,298.9095,3600.0,17050.0,0.45974,0.18391,0.05414,0.00444,0.00484,2289.5265,2000.0,4500.0,6100.0,1.0107446893481564,27819.278,9.98955,137.3429,0.33437,0.18391,0.05414,0.01331,0.00627
100.0,5000.0,10000.0,2.5,100000,10402.022,10400.0,402.022,1850.0,18700.0,0.45517,0.22114,0.08597,0.01342,0.01613,2831.5675,2500.0,5650.0,7700.0,1.0125051238651832,32148.582,9.95812,136.83286,0.35147,0.22114,0.08597,0.03134,0.01931
100.0,5000.0,10000.0,3.0,100000,10502.516,10500.0,502.516,0.0,20250.0,0.45261,0.24593,0.11454,0.02772,0.03073,3339.335,3000.0,6700.0,8950.0,1.0141674743162088,35469.6955,9.9121,136.11469,0.36377,0.24593,0.11454,0.0515,0.03562
100.0,5000.0,10000.0,4.0,100000,10617.879,10600.0,617.879,-800.0,23350.0,0.45389,0.29095,0.17317,0.06479,0.07948,4318.096,3900.0,8700.0,11400.0,1.0147473899735175,41897.5155,9.73389,133.37358,0.38457,0.29095,0.17317,0.10608,0.08632
100.0,5000.0,50000.0,0.25,100000,50134.7525,50150.0,134.7525,45600.0,54650.0,0.46824,0.0,0.0,0.0,0.0,1494.8785,1300.0,2850.0,3850.0,1.0062528160351247,21550.69,10.0,137.50646,0.01358,0.0,0.0,0.0,0.0
100.0,5000.0,50000.0,0.5,100000,50407.971,50400.0,407.971,42150.0,58650.0,0.45271,0.00234,0.0,0.0,0.0,2831.1105,2500.0,5700.0,7700.0,1.0126151687531721,32339.718,10.0,137.52304,0.08556,0.00234,0.0,0.0,0.0
100.0,5000.0,50000.0,0.75,100000,50637.197,50650.0,637.197,38600.0,62600.0,0.45061,0.01735,0.00022,0.0,0.0,4126.7615,3700.0,8400.0,11400.0,1.0152335129587016,41828.6315,10.0,137.51422,0.15136,0.01735,0.00022,0.0,0.0
100.0,5000.0,50000.0,1.0,100000,50955.652,50950.0,955.652,35050.0,67200.0,0.44568,0.044,0.00209,0.0,0.0,5541.2965,4900.0,11300.0,15400.0,1.0178863804056344,53429.0325,10.0,137.52352,0.20465,0.044,0.00209,6e-05,1e-05
100.0,5000.0,50000.0,1.25,100000,51212.5175,51150.0,1212.5175,31350.0,71100.0,0.44641,0.07477,0.00773,5e-05,6e-05,6924.1125,6200.0,14100.0,19200.0,1.0187905171943537,64528.16,9.99994,137.51641,0.24146,0.07477,0.00773,0.0005,0.00012
100.0,5000.0,50000.0,1.5,100000,51488.1845,51400.0,1488.1845,27950.0,75450.0,0.44438,0.10529,0.01562,0.00032,0.00035,8201.666,7300.0,16700.0,22700.0,1.020046553020799,74236.4285,9.99931,137.50968,0.26816,0.10529,0.01562,0.00205,0.00065
100.0,5000.0,50000.0,2.0,100000,51894.501,51850.0,1894.501,21050.0,82950.0,0.44474,0.15786,0.04012,0.00295,0.00228,10729.1895,9700.0,21400.0,28500.0,1.0199779232728252,94829.7265,9.99558,137.43833,0.3082,0.15786,0.04012,0.00828,0.00324
100.0,5000.0,50000.0,2.5,100000,52271.025,52150.0,2271.025,15350.0,89100.0,0.44599,0.1932,0.06367,0.00812,0.0071,12834.0505,11600.0,25000.0,33050.0,1.0200802769866435,113097.2945,9.98346,137.24853,0.32962,0.1932,0.06367,0.01852,0.00926
100.0,5000.0,50000.0,3.0,100000,52737.5745,52650.0,2737.5745,10150.0,94850.0,0.44346,0.21786,0.08579,0.0154,0.01444,14622.7545,13500.0,27700.0,35500.0,1.0210338803217611,130150.712,9.96508,136.95792,0.34332,0.21786,0.08579,0.03011,0.01752
100.0,5000.0,50000.0,4.0,100000,53028.199,52900.0,3028.199,-500.0,102600.0,0.44833,0.25191,0.11929,0.03052,0.03041,17203.84,15900.0,31200.0,39600.0,1.0195039466263844,155260.833,9.9195,136.23041,0.3646,0.25191,0.11929,0.05294,0.03578
100.0,5000.0,100000.0,0.25,100000,100401.828,100400.0,401.828,92200.0,108650.0,0.45549,0.0,0.0,0.0,0.0,2838.863,2500.0,5700.0,7700.0,1.0124174857165602,32359.852,10.0,137.50313,0.00914,0.0,0.0,0.0,0.0
100.0,5000.0,100000.0,0.5,100000,100915.6435,100900.0,915.6435,84850.0,116850.0,0.44768,0.00211,0.0,0.0,0.0,5557.6695,4900.0,11200.0,15350.0,1.017108302639829,53520.4175,10.0,137.52627,0.07717,0.00211,0.0,0.0,0.0
100.0,5000.0,100000.0,0.75,100000,101456.644,101450.0,1456.644,77800.0,125100.0,0.44274,0.0159,0.0003,0.0,0.0,8214.387,7300.0,16750.0,22700.0,1.0196348496029228,74186.6645,10.0,137.50203,0.14711,0.0159,0.0003,0.0,0.0
100.0,5000.0,100000.0,1.0,100000,101917.317,101800.0,1917.317,71250.0,132750.0,0.44695,0.03873,0.00133,0.0,0.0,10717.3315,9600.0,21400.0,28600.0,1.0202460318253541,94700.8785,10.0,137.51238,0.19663,0.03873,0.00133,1e-05,0.0
100.0,5000.0,100000.0,1.25,100000,102287.362,102150.0,2287.362,65800.0,139200.0,0.44669,0.06404,0.00432,3e-05,0.0,12858.4355,11650.0,25100.0,33200.0,1.0201613092838135,113453.0485,10.0,137.5225,0.23321,0.06404,0.00432,0.00018,0.0
100.0,5000.0,100000.0,1.5,100000,102750.1665,102600.0,2750.1665,61200.0,145000.0,0.44547,0.08586,0.00856,3e-05,4e-05,14715.397,13600.0,27850.0,36200.49999999974,1.0209872608018746,131039.802,9.99996,137.511,0.25657,0.08586,0.00856,0.00053,0.00013
100.0,5000.0,100000.0,2.0,100000,103222.2835,103050.0,3222.2835,54100.0,153300.0,0.44539,0.11825,0.01752,0.00031,0.00018,17225.0155,15850.0,31700.0,40000.0,1.0205152933531345,157067.386,9.99967,137.50288,0.28301,0.11825,0.01752,0.00174,0.00037
100.0,5000.0,100000.0,2.5,100000,103204.318,103050.0,3204.318,48900.0,157950.0,0.45288,0.14341,0.02693,0.00066,0.00048,19086.6535,17800.0,34150.0,42600.0,1.0179659696405245,178354.86,9.99937,137.49934,0.30587,0.14341,0.02693,0.00333,0.00089
100.0,5000.0,100000.0,3.0,100000,103401.4535,103300.0,3401.4535,45100.0,162000.0,0.45203,0.15803,0.03403,0.00128,0.0009,20273.5925,19400.0,35400.0,44400.0,1.0176022124226465,193240.112,9.99855,137.48723,0.31502,0.15803,0.03403,0.00538,0.00161
100.0,5000.0,100000.0,4.0,100000,103630.9965,103450.0,3630.9965,40150.0,167650.0,0.45411,0.17783,0.04642,0.00251,0.00213,21982.0615,20400.0,37600.0,47000.0,1.0167572174930586,216682.543,9.99668,137.45136,0.32944,0.17783,0.04642,0.00859,0.00319
